Sentiment	SentimentText
1	oskarżenia  
1	oskarżać  
1	oskarżeń  
1	oskarżając  
1	oskarżająco   
1	ostro  
1	ból  
1	obolały  
1	pogorszyć  
1	obciążające  
1	pogorszenie  
1	agresja  
1	agresywny  
1	agresywność  
1	agresor   
1	pokrzywdzony  
1	pogorszenie  
1	przerażony  
1	agonie  
1	agonować  
1	bolesny  
1	agonująco  
1	agonia    
1	cierpiący  
1	dolegliwość  
1	bez celu 
1	alarmowany  
1	alarmujący  
1	alarmująco  
1	alienować  
1	wyobcowany  
1	anty-okupacja  
1	antyproliferacja  
1	antysemity  
1	antyspołeczne  
1	anti-us  
1	anty-biały  
1	niechęć  
1	przestarzały  
1	antytetyczne  
1	lęki  
1	niepokój  
1	zaniepokojony  
1	z niepokojem  
1	niepokój  
1	apatyczny  
1	audiencyjnie  
1	surowy  
1	autorytarny  
1	autokrata  
1	autokratyczny  
1	lawina  
1	chciwość  
1	zachłanny  
1	żarłocznie  
1	pomsty  
1	awers  
1	niechęć  
1	aweful  
1	okropne  
1	strasznie  
1	okropność  
1	niezręczny  
1	niezręczność  
1	topór  
1	bełkot  
1	back-zalogowany  
1	back-wood  
1	back-woods  
1	ból pleców  
1	bóle pleców  
1	backaching  
1	backbite  
1	backbiting  
1	wstecz  
1	zacofanie  
1	Backwood  
1	zjadliwie  
1	gorzki  
1	gorzko  
1	gorycz  
1	dziwaczne  
1	blab  
1	blabber  
1	szantaż  
1	bla  
1	winić  
1	naganne  
1	nijakie  
1	słodki  
1	bluźnierstwo  
1	bluźniercze  
1	bluźnierstwo  
1	piaskowane  
1	rażący  
1	rażąco  
1	blather  
1	ponury  
1	ponuro  
1	mroczność  
1	krwawienie  
1	krwawienie  
1	krwawienia  
1	skaza  
1	niewidomych  
1	oślepienie  
1	oślepiająco  
1	ślepa uliczka  
1	blister  
1	pęcherze  
1	nadęty  
1	blokada  
1	przyczółek  
1	rozlew krwi  
1	krwiożerczy  
1	krwawy  
1	poplamione  
1	uderzenie  

1	złamane  
1	złamane serce  
1	czerw  
1	brewbeat  
1	siniak  
1	posiniaczony  
1	siniaki  
1	siniak  
1	brutalny  
1	brutalny  
1	brutalizujący  
1	brutalności  
1	brutalność  
1	brutalizować  
1	brutalizujący  
1	brutalnie  
1	brutalny  
1	brutalny  
1	bs  
1	klamra  
1	błąd  
1	podsłuch  
1	buggy  
1	błędy  
1	bulkier  
1	objętościowość  
1	nieporęczne  
1	grubość  
1	byk 
1	byk 
1	łobuziaki  
1	bzdury  
1	bullshyt  
1	łobuz  
1	zastraszanie  
1	zastraszająco  
1	bum  
1	guz 
1	wpadł  
1	wpadanie  
1	uderzanie  
1	guzy  
1	wyboisty  
1	bungle  
1	bungler  
1	dławienie się  
1	łóżko piętrowe  
1	obciążenie  
1	uciążliwe  
1	ciężko  
1	palić  
1	spalony  
1	spalanie  
1	oparzenia  
1	popiersie  
1	popiersia  
1	intrygujący  
1	rzeźnik  
1	rzeź  
1	brzęczenie  
1	bizantyjski  
1	gruchanie  
1	katastrofy  
1	klęski  
1	fatalnie  
1	nieszczęście  
1	bezduszny  
1	kalumniować  
1	kalumniacja  
1	kalumny  
1	kalumny  
1	oszczercze  
1	oszczerstwo  
1	rak  
1	rakowaty  
1	kanibal  
1	kanibalizacja  
1	kapitulować  
1	kapryśny  
1	kapryśnie  
1	kapryśność  
1	przewrócone  
1	niedbały  
1	niedbalstwo  
1	karykatura  
1	rzeź  
1	karp  
1	kreskówkowy  
1	gotówka  
1	castigate  
1	kastrowany  
1	ofiara  
1	kataklizm  
1	kataklizm  
1	kataklizm  
1	kataklizmem  
1	katastrofa  
1	katastrofy  
1	katastrofalny  
1	katastrofalnie  
1	katastrofy  
1	kaustyczny  
1	kaustycznie  
1	przestroga  
1	jaskinia  
1	cenzura  
1	chafe  
1	plew  
1	zmartwienie  
1	wyzwanie  
1	chaos  
1	chaotyczny  
1	chasten  
1	karcić  
1	kara  
1	paplanina  
1	gaduła  
1	tanie  
1	cheapen  
1	tanio  
1	oszukiwać  
1	oszukany  
1	oszust  
1	oszukiwanie  
1	kody  
1	w kratkę  
1	bezczelny  
1	kiepski  
1	Chide  
1	dziecinny  
1	chłód  
1	chłodno  
1	chintzy  
1	ssanie  
1	choleryk  
1	niepewny  
1	chore  
1	przewlekłe  
1	masywny  
1	zgiełk  
1	krzykliwy  
1	zderzenie  
1	cliche  
1	cliched  
1	klika  
1	zapchać  
1	zatkany  
1	drewniaki  
1	chmura  
1	zmętnienie  
1	pochmurno  
1	Clue  
1	niezdarny  
1	clunky  
1	gruby  
1	zarozumiały  
1	przymus  
1	przymus  
1	przymus  
1	zimno  
1	zimno  
1	zwiń  
1	collude  
1	zmowa  
1	waleczny  
1	spalanie  
1	komiczny  
1	współczujący  
1	commonplace  
1	zamieszanie  
1	commotions  
1	beztroski  
1	narzekać  
1	narzekał  
1	narzekać  
1	narzeka  
1	skarga  
1	skargi  
1	złożony  
1	skomplikowany  
1	komplikacja  
1	współudział  
1	przymus  
1	kompulsywne  
1	przyznać  
1	stracił  
1	Pycha  
1	zarozumiały  
1	concen  
1	concens  
1	niepokój  
1	dotyczy to 
1	obawy  
1	koncesja  
1	koncesje  
1	potęp  
1	potępialny  
1	potępienie  
1	potępiony  
1	potępia  
1	Rycerstwo  
1	protekcjonalny  
1	protekcjonalnie  
1	protekcjonalność  
1	wyznać  
1	spowiedź  
1	spowiedź  
1	zamknięty  
1	konflikt  
1	sprzeczne  
1	sprzeczne  
1	konflikty  
1	confound  
1	zakłopotany  
1	zakłopotanie  
1	konfrontacja  
1	konfrontacja  
1	konfrontacyjny  
1	mylić  
1	Pomieszane
1	myli  
1	mylące  
1	zamieszanie  
1	konfuzje  
1	zatłoczone  
1	zatłoczenie  
1	minusy  
1	conscons  
1	konserwatywny  
1	rzucający się w oczy  
1	rzucająco  
1	spiski  
1	spisek  
1	spiskowiec  
1	konspiracyjny  
1	spiskować  
1	konsternacja  
1	zakaźny  
1	zanieczyścić  
1	zanieczyszczony  
1	zanieczyszcza  
1	zanieczyszczenie  
1	zanieczyszczenie  
1	pogarda  
1	godny pogardy  
1	pogardliwy  
1	pogardliwie  
1	contend  
1	rywalizacja  
1	sporny  
1	contort  
1	wygięcia  
1	zaprzeczać  
1	sprzeczność  
1	sprzeczne  
1	przekora  
1	contravene  
1	contrive  
1	wymyślony  
1	kontrowersyjny  
1	kontrowersje  
1	zawiłe  
1	korroda  
1	korozja  
1	korozja  
1	żrący  
1	uszkodzony  
1	uszkodzony  
1	niszczenie  
1	korupcja  
1	psuje  
1	zepsuty  
1	droższy  
1	kosztowne  
1	nieproduktywny  
1	kontrproduktywny  
1	coupists  
1	chciwy  
1	tchórz  
1	tchórzliwy  
1	crabby  
1	crack  
1	pęknięty  
1	pęknięcia  
1	skromnie  
1	rzemieślniczo  
1	przebiegły  
1	skurcz  
1	ciasno  
1	skurcze  
1	marudny  
1	bzdura  
1	brzydki  
1	kości  
1	awaria  
1	rozbił się  
1	awarie  
1	awaria  
1	crass  
1	tchórzliwy  
1	wyraźnie  
1	szał  
1	szaleńczo  
1	szaleństwo  
1	szalony  
1	skrzypienie  
1	skrzypienie  
1	skrzypienie  
1	łatwowierny  
1	pełzanie  
1	pełzanie  
1	creeps  
1	creepy  
1	dopełnienie  
1	przestępczość  
1	przestępca  
1	cringe  
1	skulony  
1	cringes  
1	kaleka  
1	kaleki  
1	kaleki  
1	paraliżujący  
1	kryzys  
1	krytyk  
1	krytyczny  
1	krytyka  
1	krytyki  
1	krytykować  
1	krytykowany  
1	krytykując  
1	krytycy  
1	kumoterstwo  
1	oszust  
1	krzywy  
1	oszustów  
1	zatłoczone  
1	zatłoczenie  
1	surowy  
1	okrutny  
1	crueler  
1	okrutny  
1	okrutnie  
1	okrucieństwo  
1	okrucieństwa  
1	okrucieństwo  
1	kruszyć  
1	kruszenie  
1	crummy  
1	zgniotu  
1	zmięte  
1	miażdżyć  
1	zmiażdżyć  
1	zmiażdżony  
1	kruszenie  
1	płacz  
1	karygodne  
1	sprawca  
1	kłopotliwe  
1	cunt  
1	cipy  
1	cuplrit  
1	klątwa  
1	przeklęty  
1	klątwy  
1	curt  
1	cuss  
1	cussed  
1	Cutthroat  
1	cyniczny  
1	cynizm   
1	uszkodzenie  
1	uszkodzony  
1	uszkodzenia  
1	niszczący  
1	cholera  
1	przeklęty  
1	potwornie  
1	potępienie  
1	potępiony  
1	potępienie  
1	tłumik  
1	niebezpieczeństwo  
1	niebezpieczne  
1	niebezpieczeństwa  
1	ciemny  
1	ciemnieć  
1	przyciemnione  
1	ciemniejszy  
1	ciemność  
1	dastard  
1	nikczemnie  
1	zniechęcony  
1	zniechęcający  
1	zniechęcający  
1	durnia  
1	oszołomienie  
1	oszołomiony  
1	martwe  
1	deadbeat  
1	zakleszczenie  
1	śmiertelnie  
1	nośność  
1	głuchy  
1	brak  
1	śmierć  
1	klęska  
1	osłabienie  
1	poniżenie  
1	debaser  
1	dyskusyjne  
1	debauch  
1	debaucher  
1	rozpusta  
1	osłabić  
1	wyniszczające  
1	osłabienie  
1	dług  
1	długi   
1	dekadencja  
1	dekadencki  
1	rozpad  
1	zepsute  
1	podstęp  
1	podstępne  
1	podstępnie  
1	podstępność  
1	oszukać  
1	zwodziciel  
1	oszustów  
1	oszukiwanie  
1	oszustwo  
1	oszukańcze  
1	oszukańczo  
1	declaim  
1	spadek  
1	spadki  
1	malejący  
1	dekrement  
1	zgrzybiały  
1	niedobór  
1	decry  
1	zniesławienie  
1	zniesławienie  
1	zniesławiające  
1	zniesławienie  
1	wada  
1	uszkodzony  
1	defekty  
1	defensywny  
1	nieposłuszeństwo  
1	wyzywający  
1	wyzywająco  
1	braki  
1	niedobór  
1	niewystarczające  
1	defile  
1	defiler  
1	deformuj  
1	zdeformowane  
1	Oszustwa  
1	nieistniejące  
1	przeciwstawić się  
1	zdegenerowany  
1	degeneracyjnie  
1	degeneracja  
1	degradacja  
1	degradacja  
1	degradacja  
1	poniżająco  
1	dehumanizacja  
1	dehumanizować  
1	deign  
1	deject  
1	przygnębiony  
1	przygnębiony  
1	przygnębienie  
1	opóźnienie  
1	opóźniony  
1	opóźnianie  
1	opóźnienia  
1	przestępczość  
1	zaległości  
1	majaczący  
1	delirium  
1	złud  
1	zwodzone  
1	Potop  
1	złudzenie  
1	urojeniowe  
1	urojenia  
1	demean  
1	poniżenie  
1	koniec  
1	wyburzyć  
1	demolisher  
1	demon  
1	demoniczny  
1	demonizować  
1	demonizowany  
1	demonizuje  
1	demonizując  
1	zdemoralizować  
1	demoralizujący  
1	demoralizująco  
1	odmowa  
1	Odrzucone
1	zaprzecza  
1	denigrate  
1	denounce  
1	gęsty  
1	wgniecenie  
1	wgnieciony  
1	wgniecenia  
1	denuncjować  
1	denuncjacja  
1	donosy  
1	odmówić  
1	odmawianie  
1	zubożone  
1	opłakany  
1	żałośnie  
1	żałować  
1	ubolewając  
1	żałośnie  
1	deprave  
1	zdeprawowany  
1	zdeprawowany  
1	przestań  
1	wcisnąć  
1	wciśnięty  
1	przygnębiające  
1	przygnębiająco  
1	depresja  
1	depresje  
1	pozbawić  
1	pozbawiony  
1	szydercze  
1	drżenie  
1	szyderczy  
1	szyderczo  
1	szyderstwo  
1	uwłaczający  
1	bezczeszczenie  
1	pustynia  
1	dezercja  
1	osuszać  
1	przesuszony  
1	desititute  
1	opuszczony  
1	beznadziejnie  
1	pustkowie  
1	rozpacz  
1	rozpaczający  
1	z rozpaczą  
1	zrozpaczony  
1	rozpaczliwie  
1	desperacja  
1	podły  
1	nikczemnie  
1	gardzić  
1	pogardzany  
1	despoil  
1	despoiler  
1	przygnębienie  
1	przygnębienie  
1	przygnębiony  
1	przygnębiony  
1	despot  
1	despotyczny  
1	despotyzm  
1	destabilizacja  
1	granice  
1	nędza  
1	nędza  
1	niszcz  
1	niszczyciel  
1	zniszczenie  
1	niszczycielski  
1	desultory  
1	odstraszanie  
1	pogorszyć się  
1	pogarszający się  
1	pogorszenie  
1	odstraszający  
1	nienawiść  
1	obrzydliwy  
1	obrzydliwie  
1	nienawidzony  
1	nienawidzenie  
1	potknięcia  
1	umniejsz  
1	pomniejszone  
1	pomniejszanie  
1	detraction  
1	umniejsza  
1	szkodliwość  
1	szkodliwe  
1	dewastować  
1	zdewastowany  
1	dewastuje  
1	niszczący  
1	dewastująco  
1	dewastacja  
1	Odchylenie  
1	odchylenie  
1	diabeł  
1	diabelski  
1	diabelnie  
1	diabelstwo  
1	diabelstwo  
1	przebiegły  
1	przebiegle  
1	przewrotność  
1	pozbawiony  
1	diaboliczny  
1	diaboliczny  
1	diabolicznie  
1	diametralnie  
1	zdekonspirowany  
1	diatryb  
1	diatryb  
1	kutas  
1	dyktator  
1	dyktatorski  
1	umrzeć  
1	zgrzybiały  
1	zmarł  
1	umiera  
1	trudne  
1	trudności  
1	trudność  
1	niepewność  
1	zniszczone  
1	dylemat  
1	dilly-dally  
1	przyciemniony  
1	dimmer  
1	din  
1	ding  
1	dings  
1	dinky  
1	straszny  
1	zdecydowanie  
1	direness  
1	brud  
1	dirtbag  
1	worki na śmieci  
1	Dirty  
1	brudny  
1	Wyłącz
1	wyłączone  
1	disacrord  
1	wada  
1	w niekorzystnej sytuacji  
1	niekorzystne  
1	wady  
1	odstraszać  
1	niezadowolony  
1	disaffirm  
1	nie zgadzam się  
1	nieprzyjemny  
1	niesłusznie  
1	nie zgodzili się  
1	nie zgadzam się  
1	nieporozumienie  
1	nie zgadza się  
1	disallow  
1	rozczarowany  
1	rozczarowanie  
1	rozczarowanie  
1	zawieść  
1	rozczarowany  
1	rozczarowujące  
1	rozczarowująco  
1	rozczarowanie  
1	rozczarowania  
1	rozczarowuje  
1	brak akceptacji  
1	dezaprobata  
1	nie akceptuj  
1	odrzucenie  
1	rozbroić  
1	nieład  
1	katastrofa  
1	nieszczęśliwy  
1	katastrofalny  
1	katastrofalnie  
1	disavow  
1	wyparcie  
1	niewiara  
1	nie wierzyć  
1	niewierzący  
1	disclaim  
1	discombobulate  
1	discomfit  
1	discomfititure  
1	dyskomfort  
1	discompose  
1	disconcert  
1	niezadowolony  
1	niepokojące  
1	niepokojąco  
1	niepocieszony  
1	nieposłusznie  
1	dysonans  
1	niezadowolenie  
1	niezadowolony  
1	niezadowolony  
1	wycofany  
1	nieciągłość  
1	nieciągły  
1	niezgoda  
1	niezgodność  
1	niezgodny  
1	dyskonto  
1	zniechęcić  
1	zniechęcenie  
1	zniechęcać  
1	zniechęcająco  
1	nieuprzejmy  
1	nieuprzejmie  
1	discoutinous  
1	dyskredytacja  
1	niezgodny  
1	dyskryminować  
1	dyskryminacja  
1	dyskryminujące  
1	pogarda  
1	pogardliwie  
1	lekceważący  
1	z pogardą  
1	nieumiejętność  
1	hańba  
1	zhańbiony  
1	haniebny  
1	skromnie  
1	niezadowolenie  
1	niezadowolony  
1	niesmak  
1	zdegustowany  
1	obrzydliwie  
1	obrzydliwe  
1	obrzydliwie  
1	obrzydliwe  
1	obrzydliwie  
1	dishearten  
1	zniechęcający  
1	zniechęcająco  
1	nieuczciwy  
1	nieuczciwie  
1	nieuczciwość  
1	dyshonor  
1	niehonorowy  
1	nienawistnie  
1	rozczarowanie  
1	rozczarowany  
1	rozczarowanie  
1	rozczarowania  
1	niechęć  
1	niechętny  
1	nieszczere  
1	nieszczęśliwie  
1	rozpadnij się  
1	rozpadł się  
1	rozpada się  
1	dezintegracja  
1	brak zainteresowania  
1	bezinteresowny  
1	niechęć  
1	nielubiane  
1	nie lubi  
1	nielubienie  
1	Zwichnięcie!
1	nielojalny  
1	nielojalność  
1	ponury  
1	dezorientująco  
1	zmartwienie  
1	konsternacja  
1	przerażony  
1	przerażający  
1	przerażająco  
1	lekceważący  
1	lekceważąco  
1	nieposłuszeństwo  
1	nieposłuszni  
1	nieposłuszeństwo  
1	nieposłuszny  
1	zaburzenie  
1	nieuporządkowany  
1	bezładny  
1	zdezorganizowany  
1	dezorientacja  
1	zdezorientowany  
1	wyrzucić  
1	dysproporcja  
1	lekceważenie  
1	lekceważąco  
1	zbędne  
1	Deziryt  
1	zniechęcony  
1	beznadziejnie  
1	zniechęcanie  
1	wypierać  
1	przesiedlone  
1	niezadowolenie  
1	niezadowolony  
1	niezadowolenie  
1	niezadowolenie  
1	nieproporcjonalne  
1	obalić  
1	dyskusyjne  
1	spór  
1	zakwestionowany  
1	niepokój  
1	niepokojące  
1	niepokojąco  
1	niepokój  
1	lekceważenie  
1	lekceważący  
1	podły  
1	zła reputacja  
1	brak szacunku  
1	niegodny  
1	brak szacunku  
1	brak szacunku  
1	bez szacunku  
1	brak szacunku  
1	brak szacunku  
1	zakłócić  
1	zakłócenie  
1	destrukcyjny  
1	diss  
1	zawiedziony  
1	rozczarowany  
1	rozczarowanie  
1	niezadowolenie  
1	niezadowalający  
1	niezadowolony  
1	niezadowolenie  
1	niezadowolenie  
1	niezadowolenie  
1	dissed  
1	dissemble  
1	dysymbler  
1	niezgodność  
1	sprzeciw  
1	dysydent  
1	dissention  
1	disservice  
1	disses  
1	dysydencja  
1	dysydent  
1	dysydenci  
1	dissing  
1	dysocjacyjny  
1	rozpuszczony  
1	rozpuszczanie  
1	dysonans  
1	dysonans  
1	dysonansowo  
1	odradzać  
1	odstraszający  
1	distains  
1	niesmak  
1	niesmaczny  
1	niesmacznie  
1	zniekształcić  
1	zniekształcony  
1	zniekształcenie  
1	zniekształca  
1	rozproszyć  
1	rozpraszający  
1	rozproszenie uwagi  
1	zrozpaczony  
1	zrozpaczony  
1	rozpacz  
1	niepokój  
1	w trudnej sytuacji  
1	niepokojący  
1	niepokojąco  
1	nieufność  
1	nieufny  
1	nieufność  
1	przeszkadzać  
1	zakłócenie  
1	zakłócony  
1	niepokojący  
1	niepokojąco  
1	brak jedności  
1	diswaluta  
1	rozbieżne  
1	dzielący  
1	Podziel się  
1	dzielność  
1	dizzing  
1	dizzingly  
1	zawroty głowy  
1	podcięcie  
1	dodgey  
1	uparty  
1	uparcie  
1	dogmatyczny  
1	doldrums  
1	dominujący  
1	apodyktyczny  
1	donside  
1	doom  
1	skazany na porażkę  
1	Doomsday  
1	dope  
1	wątpliwość  
1	wątpliwe  
1	wątpliwie  
1	wątpliwości  
1	douchbag  
1	douchebag  
1	douchebags  
1	downbeat  
1	downcast  
1	downer  
1	upadek  
1	upaść  
1	obniżenie  
1	zła  
1	z przykrością  
1	zjazd  
1	minusem  
1	wady  
1	spadek koniunktury  
1	spadki  
1	bezbarwny  
1	drakoński  
1	drakoniczny  
1	przeciągnij  
1	przeciągnięty  
1	przeciąganie  
1	dragonoon  
1	przeciąganie  
1	drenaż  
1	odsączony  
1	drenowanie  
1	dreny  
1	drastyczny  
1	drastycznie  
1	wada  
1	wady  
1	lęk  
1	straszny  
1	strasznie  
1	dreadfulness  
1	ponury  
1	kapała  
1	kapanie  
1	drippy  
1	kapie  
1	drony  
1	droop  
1	droops  
1	drop-out  
1	drop-out  
1	rezygnacja  
1	przerwy  
1	susza  
1	utonięcie  
1	pijany  
1	pijak  
1	pijany  
1	wątpliwy  
1	z powątpiewaniem  
1	dubitable  
1	niewypał  
1	nudny  
1	tępy  
1	głupi  
1	dumbfound  
1	dump  
1	porzucony  
1	zrzucanie  
1	zrzuty  
1	nie  
1	loch  
1	lochy  
1	dupe  
1	pył  
1	zakurzone  
1	zmniejszanie się  
1	umieranie  
1	earsplitting  
1	ekscentryczny  
1	mimośród  
1	wizerunek  
1	bezczelność  
1	egocentryczny  
1	egomania  
1	egotyzm  
1	egoistyczny  
1	egotystycznie  
1	rażący  
1	rażąco  
1	wyborca-rigger  
1	eliminacja  
1	wycieńczony  
1	emasculate  
1	zawstydzać  
1	zawstydzający  
1	zawstydzająco  
1	zakłopotanie  
1	uzbrojony  
1	uwikłać  
1	uwikłany  
1	włamanie  
1	awaryjne  
1	empatyczny  
1	zdecydowanie  
1	pustka  
1	wkraczać  
1	ingerencja  
1	zagrożenie  
1	wrogowie  
1	wróg  
1	osłabienie  
1	enfeeble  
1	enflame  
1	pochłonąć  
1	enjoin  
1	wrogość  
1	rozwścieczyć  
1	rozwścieczony  
1	wściekłość  
1	zniewolony  
1	plątanina  
1	splątanie  
1	pułapkę  
1	uwięzienie  
1	zazdrosny  
1	zazdrośnie  
1	zazdrość  
1	epidemia  
1	niejednoznaczne  
1	Wymaż  
1	erodować  
1	eroduje  
1	erozja  
1	err  
1	błędny  
1	błędny  
1	błędnie  
1	błędne  
1	błędnie  
1	błąd  
1	błędy  
1	wybuchy  
1	eskapada  
1	wystrzegać się  
1	zirytowany  
1	uniknąć  
1	uchylanie się  
1	wymijające  
1	zło  
1	złoczyńca  
1	zło  
1	wypatroszyć  
1	zaostrzyć  
1	exagerate  
1	exagerated  
1	exagerates  
1	przesadzać  
1	przesada  
1	irytować  
1	rozdrażniony  
1	irytujące  
1	irytująco  
1	irytacja  
1	nadmierne  
1	nadmiernie  
1	wykluczenie  
1	excoriate  
1	rozdzierający  
1	potwornie  
1	wymówka
1	wymówki  
1	execrate  
1	wydech  
1	wyczerpany  
1	wyczerpanie  
1	wydechy  
1	exhorbitant  
1	napomnienie  
1	wygnanie  
1	wygórowany  
1	wygórowanie  
1	niebotycznie  
1	expel  
1	drogi  
1	wygasa  
1	minął  
1	wybuchnąć  
1	exploit  
1	eksploatacja  
1	materiał wybuchowy  
1	wywłaszczone  
1	wywłaszczenie  
1	expulse  
1	wyniszcz  
1	eksterminować  
1	eksterminacja  
1	zgasić  
1	wyłudz  
1	wymuszenie  
1	obcy  
1	ekstrawagancja  
1	ekstrawagancki  
1	ekstrawagancko  
1	ekstremizm  
1	ekstremista  
1	ekstremiści  
1	obsesyjnie  
1	f * k  
1	sfabrykować  
1	produkcja  
1	żartobliwy  
1	żartobliwie  
1	niepowodzenie  
1	nieudane  
1	błąd  
1	kończy się niepowodzeniem  
1	błąd  
1	awarie  
1	słabe  
1	leniwy  
1	bez wiary  
1	fałszywy  
1	upadek  
1	błędy  
1	błędny  
1	błędnie  
1	zawistność  
1	błąd  
1	upadły  
1	opadanie  
1	opad  
1	spada  
1	false  
1	fałsz  
1	fałszywie  
1	fałszować  
1	wahać się  
1	osłabione  
1	głód  
1	głodny  
1	fanatyk  
1	fanatyczny  
1	fanatycznie  
1	fanatyzm  
1	fanatycy  
1	fantazyjny  
1	daleko idące  
1	farsa  
1	farsa  
1	farsa-jeszcze-prowokująca  
1	farsa  
1	naciągane  
1	faszyzm  
1	faszystowski  
1	wybredny  
1	wybrednie  
1	mocny  
1	tłuszcz  
1	tłusty kot  
1	koty tłuszczowe  
1	śmiertelne  
1	fatalistyczny  
1	fatalistycznie  
1	śmiertelnie  
1	fatcat  
1	koty tłuszczowe  
1	brzemienny  
1	z powagą  
1	niezgłębiony  
1	zmęczenie  
1	zmęczony  
1	fatique  
1	tłusty  
1	fatuity  
1	głupi  
1	głupio  
1	błąd  
1	błędy  
1	uszkodzony  
1	skromnie  
1	faze  
1	strach  
1	straszny  
1	ze strachem  
1	obawy  
1	przerażający  
1	bezmyślny  
1	słaby  
1	fe 
1	feebleminded  
1	feign  
1	zwód  
1	spadł  
1	felon  
1	zbrodniarz  
1	zaciekle  
1	wściekłość  
1	cuchnący  
1	gorączka  
1	gorączkowy  
1	gorączki  
1	fiasko  
1	fib  
1	włókniak  
1	zmienny  
1	fikcja  
1	fikcyjny  
1	fikcyjne  
1	wiercenie  
1	lękliwy  
1	diabeł  
1	diabelski  
1	zacięta  
1	figurant  
1	brud  
1	brudne  
1	finagle  
1	finicky  
1	bruzdy  
1	pięść  
1	flabbergast  
1	oszołomiony  
1	flagowanie  
1	rażący  
1	rażąco  
1	spryt  
1	flary  
1	flak  
1	płatek  
1	flakey  
1	flakieness  
1	łuszczenie  
1	łuszcząca się  
1	flara  
1	flary  
1	flara  
1	błyski  
1	flat-out  
1	Afisz  
1	wada  
1	błędne  
1	błędy  
1	uciekaj  
1	uciekł  
1	uciekając  
1	fleer  
1	ucieka  
1	ulotne  
1	flicering  
1	migotanie  
1	migotanie  
1	migocze  
1	flighty  
1	flimflam  
1	słabe  
1	flirt  
1	zalotne  
1	wyściełane  
1	flądra  
1	trzepotanie  
1	flout  
1	fluster  
1	przeciwnik  
1	głupiec  
1	oszukany  
1	ryzykant  
1	głupi  
1	głupio  
1	głupota  
1	zakazuj  
1	zabronione  
1	zakaz  
1	mocny  
1	przeczucie  
1	przecząco  
1	przepadek  
1	kuty  
1	zapomnieć  
1	zapomnieć  
1	zapomnienie  
1	opuszczony  
1	beznadziejnie  
1	forsake  
1	opuszczony  
1	forswear  
1	faul  
1	brzydko  
1	faul  
1	zawiłe  
1	żałośnie  
1	złamanie  
1	kruche  
1	podzielone  
1	wątły  
1	szalony  
1	gorączkowo  
1	szalenie  
1	oszustwo  
1	oszukańcze  
1	brzemienny  
1	frazzle  
1	oszołomiony  
1	dziwak  
1	świrnięcie  
1	dziwaczny  
1	dziwacznie  
1	świrów  
1	zamroź  
1	zawiesza się  
1	zamrażanie  
1	gorączkowy  
1	frenetycznie  
1	oszalały  
1	szał  
1	prog  
1	nieprzyjemny  
1	progi  
1	tarcie  
1	tarcie  
1	smażone  
1	friggin  
1	frigging  
1	strach  
1	przestrasz  
1	przerażające  
1	przerażająco  
1	przerażający  
1	przerażająco  
1	oziębłe  
1	mróz  
1	zmarszczył brwi  
1	zamarł  
1	zamrożone  
1	bezowocne  
1	bezowocnie  
1	udaremnić  
1	zniweczony
1	frustruje  
1	frustrujący  
1	frustrująco  
1	frustracja  
1	frustracje  
1	pieprzyć  
1	kurwa  
1	krówka  
1	zbieg  
1	pełny  
1	piorunujący  
1	fumble  
1	dym  
1	opary  
1	fundamentalizm  
1	funky  
1	funnily  
1	śmieszne  
1	wściekły  
1	wściekle  
1	furor  
1	furia  
1	zamieszanie  
1	wybredny  
1	fustigate  
1	dziki  
1	bezcelowe  
1	daremnie  
1	marność  
1	rozmyte  
1	bełkot  
1	gaff  
1	gaffe  
1	gainsay  
1	gainsayer  
1	żółć  
1	zatarcie  
1	zawzięcie  
1	galasy  
1	gangster  
1	gap  
1	śmieci  
1	krzykliwy  
1	oddech  
1	gauche  
1	krzykliwy  
1	gawk  
1	gawky  
1	geezer  
1	ludobójstwo  
1	get-rich  
1	upiorny  
1	getto  
1	ghosting  
1	gibber  
1	bełkot  
1	gibe  
1	oszałamiający  
1	sztuczka  
1	udawany  
1	gimmicking  
1	sztuczki  
1	sztuczny  
1	blask  
1	rażąco  
1	glib  
1	glibly  
1	błąd  
1	trzaski  
1	unosząco  
1	mrok  
1	ponury  
1	glower  
1	ponury  
1	nadmiar  
1	gryzienie  
1	Goad  
1	goading  
1	bóg okropny  
1	goof  
1	głupkowaty  
1	Goon  
1	plotki  
1	graceless  
1	gracelessly  
1	przeszczep  
1	ziarniste  
1	chwytak  
1	ruszt  
1	kraty  
1	poważnie  
1	tłuste  
1	chciwość  
1	chciwy  
1	smutek  
1	zażalenie  
1	zażalenia  
1	smucić  
1	zasmucenie  
1	ciężki  
1	ciężko  
1	ponury  
1	grymas  
1	grind  
1	gripe  
1	gripes  
1	makabryczny  
1	ziarnisty  
1	brutto  
1	rażąco  
1	groteskowy  
1	zrzędzić  
1	zrzędliwy  
1	bezpodstawny  
1	cietrzew  
1	warczeć  
1	uraz  
1	urazy  
1	niechętny  
1	niechętnie  
1	makabryczny  
1	gruesomely  
1	szorstki  
1	narzekać  
1	gderacz  
1	najgłupszy  
1	grumpily  
1	zrzędliwy  
1	zrzędliwy  
1	podstęp  
1	wina  
1	z poczuciem winy  
1	winny  
1	łatwowierny  
1	gutless  
1	rynna  
1	hack  
1	hacki  
1	Haggard  
1	targować się  
1	hairloss  
1	bez serca  
1	bez przekonania  
1	halucynacje  
1	halucynacja  
1	kosz  
1	utrudnione  
1	niepełnosprawni  
1	zawieszenie  
1	zawiesza się  
1	przypadkowy  
1	nieszczęśliwy  
1	harangue  
1	nękać  
1	nękany  
1	harassy  
1	
1	nękanie  
1	schronienie  
1	porty  
1	mocno  
1	mocno uderzony  
1	hard-line  
1	hard-liner  
1	hardball  
1	twardnieje  
1	utwardzone  
1	hardheaded  
1	bezczelny  
1	Hardliner  
1	twardogłowiacze  
1	trudności  
1	trudy  
1	szkoda  
1	skrzywdzony  
1	szkodliwe  
1	szkodzi  
1	harpy  
1	harridan  
1	zadręczony  
1	Brona  
1	surowy  
1	ostro  
1	małpowanie  
1	kłopot  
1	udręczony  
1	kłopoty  
1	pośpiech  
1	pospiesznie  
1	pospiesznie  
1	nienawiść  
1	znienawidzony  
1	nienawistny  
1	nienawistnie  
1	nienawiść  
1	hater  
1	nienawidzący  
1	nienawidzi  
1	nienawidzić  
1	nienawiść  
1	wyniośle  
1	wyniosły  
1	nawiedzać  
1	nawiedzanie  
1	spustoszenie  
1	jastrzębi  
1	haywire  
1	zagrożenie  
1	niebezpieczne  
1	zamglenie  
1	mglisty  
1	bóle głowy  
1	ból głowy  
1	bóle głowy  
1	łamacz serc  
1	rozdzierający serce  
1	rozdzierająco  
1	bez serca  
1	pogan  
1	ciężko obsługiwane  
1	ciężkie serca  
1	heck  
1	cholera  
1	zatruty  
1	heckles  
1	gorączkowy  
1	żywopłot  
1	hedonistyczny  
1	nieuważny  
1	mocny  
1	hegemonizm  
1	hegemonistyczny  
1	hegemonia  
1	haniebny  
1	piekło  
1	piekło-zgięcie  
1	hellion  
1	piekła  
1	bezradny  
1	bezradnie  
1	bezradność  
1	herezja  
1	heretycki  
1	heretycki  
1	niezdecydowany  
1	hestitant  
1	ohydny  
1	ohydnie  
1	ohyda  
1	drogie  
1	hilarski  
1	hinder  
1	przeszkoda  
1	syk  
1	syknął  
1	syczenie  
1	ho-hum  
1	hoard  
1	mistyfikacja  
1	spocząć  
1	wieprze  
1	pusty  
1	kaptur  
1	mętny  
1	chuligan  
1	beznadziejny  
1	beznadziejnie  
1	beznadzieja  
1	horda  
1	przerażający  
1	potwornie  
1	okropne  
1	okropny  
1	przerażający  
1	przerażony  
1	przerażenie  
1	przerażający  
1	przerażające  
1	horrifys  
1	zakładnik  
1	wrogie  
1	działania wojenne  
1	wrogość  
1	siedliska  
1	hothead  
1	gorączkowo  
1	cieplarnia  
1	pycha  
1	huckster  
1	hum  
1	wilgotny  
1	upokorzyć  
1	upokarzający  
1	upokorzenie  
1	nucenie  
1	wisiał  
1	zraniony  
1	boli  
1	bolesny  
1	boli  
1	boli  
1	hustler  
1	hype  
1	hipokryzja  
1	hipokryzja  
1	obłudnik  
1	obłudnicy  
1	obłudny  
1	obłudnie  
1	histeria  
1	histeryczny  
1	histeryczny  
1	histerycznie  
1	histerycy  
1	idiotyki  
1	idiotyzm  
1	idiota  
1	idiotyk  
1	idiotycznie  
1	idioci  
1	bezczynny  
1	niegodny  
1	haniebny  
1	haniebnie  
1	hańba  
1	ignorancja  
1	ignorancki  
1	zignoruj  
1	nierozważny  
1	źle pomyślany  
1	źle określone  
1	źle zaprojektowane  
1	nieszczęśliwy  
1	nieuprzywilejowany  
1	źle uformowany  
1	źle wychowany  
1	nieczuły  
1	źle posortowane  
1	zły temperament  
1	źle traktowany  
1	złe traktowanie  
1	niewłaściwe użytkowanie  
1	źle wykorzystane  
1	nielegalne  
1	nielegalnie  
1	nielegalny  
1	nielegalny  
1	analfabet  
1	choroba  
1	nielogiczny  
1	nielogiczne  
1	nielogicznie  
1	iluzja  
1	iluzje  
1	iluzoryczny  
1	wyimaginowany  
1	brak równowagi  
1	imbecyl  
1	imbroglio  
1	nieistotny  
1	niedojrzały  
1	bliskość  
1	wkrótce  
1	unieruchomiony  
1	nieumiarkowany  
1	nieumiarkowanie  
1	nieskromny  
1	niemoralny  
1	niemoralność  
1	niemoralnie  
1	nieruchomy  
1	osłabić  
1	upośledzony  
1	impas  
1	niecierpliwość  
1	niecierpliwy  
1	niecierpliwie  
1	impeach  
1	impedancja  
1	utrudnić  
1	utrudnienie  
1	zbliżające się  
1	skromny  
1	niedoskonały  
1	niedoskonałość  
1	niedoskonałości  
1	niedokładnie  
1	imperialista  
1	imperil  
1	władczy  
1	władczo  
1	niedozwolone  
1	bezosobowy  
1	impertynent  
1	porywczy  
1	gwałtownie  
1	bezbożność  
1	impinge  
1	bezbożny  
1	nieprzejednany  
1	nieprawdopodobne  
1	nieprawdopodobnie  
1	implikować  
1	implikacja  
1	implode  
1	niegrzeczny  
1	nieuprzejmy  
1	impolityczne  
1	natarczywy  
1	importune  
1	narzucić  
1	imposers  
1	nakładające  
1	impozycja  
1	niemożliwe  
1	impossiblity  
1	niemożliwie  
1	impotent  
1	zubożały  
1	zubożały  
1	niepraktyczne  
1	nieprzypłócać  
1	nieprecyzyjny  
1	nieprecyzyjnie  
1	niedokładność  
1	uwięzić  
1	uwięzienie  
1	nieprawdopodobieństwo  
1	nieprawdopodobne  
1	nieprawdopodobnie  
1	niewłaściwe  
1	niewłaściwie  
1	niestosowność  
1	nieostrożność  
1	nierozważny  
1	bezczelność  
1	bezczelny  
1	bezczelnie  
1	impugn  
1	impulsywny  
1	impulsywnie  
1	bezkarność  
1	nieczysty  
1	nieczystość  
1	niezdolność  
1	niedokładności  
1	niedokładność  
1	niedokładne  
1	niedokładnie  
1	bezczynność  
1	nieaktywne  
1	nieadekwatność  
1	niewystarczające  
1	niewystarczająco  
1	inadverent  
1	nieodłącznie  
1	niewskazane  
1	niewątpliwie  
1	bezmyślny  
1	inanely  
1	niewłaściwe  
1	niewłaściwie  
1	inapt  
1	inaptitude  
1	nieartykułowany  
1	nieuważny  
1	niesłyszalny  
1	niezdolny  
1	niezdolny  
1	nieostrożny  
1	podpalacz  
1	kadzidło  
1	nieprzerwany  
1	bezustannie  
1	incite  
1	podżeganie  
1	incivility  
1	inclement  
1	incognizant  
1	niespójność  
1	niespójne  
1	niespójnie  
1	niewspółmierny  
1	nieporównywalny  
1	nieporównywalnie  
1	niezgodność  
1	niekompatybilność  
1	niekompatybilny  
1	niekompetencja  
1	niekompetentny  
1	niekompetentnie  
1	niekompletne  
1	niezgodny  
1	niezrozumiałe  
1	niezrozumienie  
1	niepojęte  
1	niewyobrażalnie  
1	nieprzystosowany  
1	niedorzecznie  
1	niekonsekwentny  
1	nieistotne  
1	niekonsekwentnie  
1	w konsekwencji  
1	bezmyślny  
1	bezmyślnie  
1	niekonsekwencja  
1	niespójności  
1	niespójność  
1	niespójne  
1	niepocieszony  
1	niekonsekwentnie  
1	niestały  
1	niedogodności  
1	niedogodnie  
1	niepoprawny  
1	niepoprawnie  
1	niepoprawny  
1	niepoprawnie  
1	z niedowierzaniem  
1	z niedowierzaniem  
1	zaszczepić  
1	nieprzyzwoitość  
1	nieprzyzwoity  
1	nieprzyzwoicie  
1	niezdecydowanie  
1	niezdecydowany  
1	niezdecydowanie  
1	indecorum  
1	nie do obrony  
1	indelicate  
1	nieokreślony  
1	nieokreślony  
1	nieokreślony  
1	obojętność  
1	obojętny  
1	niezamożny  
1	oburzony  
1	z oburzeniem  
1	oburzenie  
1	upokorzenie  
1	niedostrzegalny  
1	niedyskretny  
1	niedyskretnie  
1	niedyskrecja  
1	bezkrytyczny  
1	bezkrytycznie  
1	bezkrytyczny  
1	nie do odróżnienia  
1	indoktrynować  
1	indoktrynacja  
1	bezwolny  
1	pobłażaj  
1	nieskuteczne  
1	bezskutecznie  
1	nieefektywność  
1	nieskuteczny  
1	bezskutecznie  
1	nieskuteczność  
1	nieskuteczne  
1	nieskuteczność  
1	nieefektywność  
1	nieefektywny  
1	nieefektywnie  
1	niewspółmierność  
1	nieelegancki  
1	nieodpowiedni  
1	ineloquent  
1	nieubłaganie  
1	nieudolny  
1	nieudolność  
1	nieudolnie  
1	nierówności  
1	nierówność  
1	niesprawiedliwy  
1	niesłusznie  
1	nierówności  
1	nieuniknione  
1	nieuchronnie  
1	nieistotne  
1	nieuniknione  
1	nieuchronnie  
1	niewybaczalne  
1	niewybaczalnie  
1	nieubłagany  
1	nieubłaganie  
1	brak doświadczenia  
1	niedoświadczony  
1	nieudolny  
1	niewytłumaczalnie  
1	niewytłumaczalne  
1	niewytłumaczalne  
1	nierozerwalny  
1	nierozerwalnie  
1	niesławny  
1	niesławnie  
1	niesławy  
1	zainfekowany  
1	infekcja  
1	infekcje  
1	gorszy  
1	niższość  
1	piekielny  
1	infest  
1	porażone  
1	niewierny  
1	niewierni  
1	infiltrator  
1	infiltratorzy  
1	niedołężny  
1	rozpalić  
1	zapalenie  
1	zapalny  
1	inflammed  
1	napompowane  
1	inflacyjne  
1	nieelastyczny  
1	inflict  
1	naruszenie  
1	naruszać  
1	naruszenie  
1	naruszenia prawa  
1	rozwścieczony  
1	rozwścieczony  
1	irytujący  
1	irytująco  
1	niechlubny  
1	ingrate  
1	niewdzięczność  
1	hamować  
1	hamowanie  
1	niegościnny  
1	niegufizm  
1	nieludzki  
1	nieludzki  
1	nieludzkość  
1	wrogi  
1	inimically  
1	niegodziwy  
1	niegodziwość  
1	niepoczytalny  
1	ranić  
1	szkodliwy  
1	kontuzja  
1	niesprawiedliwość  
1	niesprawiedliwości  
1	insynuacje  
1	nie działa  
1	nieodpowiedni  
1	nadmierny  
1	nadmiernie  
1	szalony  
1	szalenie  
1	szaleństwo  
1	nienasycony  
1	niepewny  
1	niepewność  
1	niewrażliwy  
1	niewrażliwy  
1	niewrażliwe  
1	niewrażliwość  
1	podstępny  
1	podstępnie  
1	nieistotność  
1	nieistotne  
1	nieznacznie  
1	nieszczere  
1	nieszczęśliwie  
1	nieszczerość  
1	insynuować  
1	insynuujący  
1	insynuacja  
1	nierozerwalny  
1	bezczelność  
1	bezczelny  
1	bezczelnie  
1	niewypłacalny  
1	bezinteresowność  
1	niestabilność  
1	niestabilne  
1	zainicjuj  
1	inicjator  
1	podżegacze  
1	niesubordynowany  
1	nieistotny  
1	nieistotnie  
1	nieznośny  
1	nieznośnie  
1	niewystarczalność  
1	niewystarczające  
1	niewystarczająco  
1	wyspowy  
1	obrażanie  
1	obrażony  
1	obrażanie  
1	obraźliwie  
1	obelgi  
1	nie do zniesienia  
1	niewątpliwie  
1	nie do pokonania  
1	nieprzejednanie  
1	powstanie   
1	intefere  
1	inteferes  
1	intensywny  
1	przeszkadzać  
1	zakłócenia  
1	zakłóca  
1	przerywany  
1	przerwać  
1	przerwa  
1	przerwy  
1	zastraszać  
1	zastraszanie  
1	zastraszająco  
1	zastraszanie  
1	nie do przyjęcia  
1	nie do przyjęcia  
1	nietolerancja  
1	odurzyć  
1	niewrażliwy  
1	nieustępliwość  
1	nieprzejednany  
1	intrude  
1	wtargnięcie  
1	natrętny  
1	zalewany  
1	zalewany  
1	najeźdźca  
1	niepoprawny  
1	unieważnij  
1	inwalidztwo  
1	inwazyjny  
1	inwektyw  
1	inveigle  
1	nieprzyzwoity  
1	nieprzyzwoicie  
1	inwazja  
1	niewidzialny  
1	mimowolnie  
1	mimowolne  
1	irytujący  
1	irate  
1	irately  
1	gniew  
1	irk  
1	irked  
1	irking  
1	irksy  
1	irksome  
1	irksomely  
1	irksomeness  
1	irksomenesy  
1	ironiczny  
1	ironiczny  
1	ironicznie  
1	ironie  
1	ironia  
1	irragularność  
1	nieracjonalny  
1	irracjonalność  
1	irracjonalność  
1	irracjonalnie  
1	irracjonalne  
1	nie do pogodzenia  
1	nieodwracalne  
1	nieodwracalność  
1	nieodwracalne bloki  
1	nieodwracalnie  
1	nie do odparcia  
1	nieodwracalnie  
1	nieodkształcalny  
1	nieregularne  
1	nieprawidłowość  
1	nieistotność  
1	nieistotny  
1	nieodwracalne  
1	nieodwracalne  
1	nieopisane  
1	niezdecydowany  
1	nierozwiązywalny  
1	nieodpowiedzialny  
1	nieodpowiedzialnie  
1	irretating  
1	nieodwracalne  
1	nieodwracalne  
1	rozdrażniony  
1	z irytacją  
1	czynnik drażniący  
1	drażnić  
1	podrażniony  
1	irytujące  
1	podrażnienie  
1	podrażnienia  
1	izolować  
1	izolowane  
1	izolacja  
1	wydanie  
1	problemy  
1	świąd  
1	swędzenie  
1	swędzący  
1	jabber  
1	sterany  
1	postrzępione  
1	jam  
1	jarring  
1	żółtaczka  
1	zazdrosny  
1	zazdrośnie  
1	zazdrość  
1	zazdrość  
1	krzyk  
1	drżenie  
1	szyderczo  
1	drwiny  
1	zagrozić  
1	zagrożenie  
1	szarpnięcie  
1	szarpane  
1	jitter  
1	trema  
1	zdenerwowany  
1	zabijanie pracy  
1	bezrobotni  
1	żart  
1	joker  
1	wstrząs  
1	sędzia  
1	dławiki  
1	dławiki  
1	pełen werwy  
1	śmieci  
1	ćpuna  
1	złomowisko  
1	jutter  
1	jutters  
1	kaput  
1	zabij  
1	zabity  
1	zabójca  
1	zabicie  
1	killjoy  
1	zabija  
1	łotwa  
1	nóż  
1	puk  
1	wiązane  
1	kook  
1	kooky  
1	brak  
1	mdły  
1	brakowało  
1	lokaj  
1	lokaje  
1	brakujący  
1	nijakie  
1	brakuje  
1	lakoniczny  
1	opóźnienie  
1	opóźniony  
1	opóźnienie  
1	laggy  
1	opóźnienia  
1	zwalnianie  
1	lambast  
1	lambaste  
1	lame  
1	lame-duck  
1	lament  
1	godne pożałowania  
1	zawzięcie  
1	ospały  
1	marniejący  
1	rozmarzenie  
1	leniwy  
1	lapidarnie  
1	chudy  
1	upływ  
1	stracony  
1	lapses  
1	lubieżny  
1	ostatni dołek  
1	opóźnienie  
1	śmiesznie  
1	śmiesznie  
1	pośmiewisko  
1	łamacz prawa  
1	łamanie prawa  
1	bezprawny  
1	bezprawie  
1	zwolnienie  
1	zwolnienie z pracy  
1	leniwy  
1	wyciek  
1	wyciek  
1	wycieki  
1	cieknący  
1	przecieki  
1	nieszczelny  
1	lech  
1	lecher  
1	Lubieżny  
1	lechery  
1	pijawka  
1	leer  
1	błędny  
1	lewostronne  
1	cytryna  
1	długi  
1	mniej rozwinięty  
1	mniej znane  
1	Letch  
1	śmiertelny  
1	letargiczny  
1	letarg  
1	sprośny  
1	lubieżnie  
1	sprośność  
1	odpowiedzialność  
1	odpowiedzialność  
1	kłamca  
1	kłamcy  
1	rozwiązły  
1	rozwiązły  
1	rozwiązłość  
1	leżeć  
1	kłamał  
1	lier  
1	kłamstwa  
1	zagrażające życiu  
1	bez życia  
1	limit  
1	ograniczenie  
1	ograniczenia  
1	ograniczone  
1	ograniczenia  
1	wiotki  
1	apatyczny  
1	sporny  
1	mało znane  
1	siny  
1	mizernie  
1	nieczułość  
1	nienawiść  
1	wstręt  
1	wstręt  
1	wstrętny  
1	nienawistnie  
1	samotny  
1	samotność  
1	samotny  
1	samotnik  
1	samotny  
1	długi czas  
1	długotrwały  
1	tęsknota  
1	tęsknie  
1	luka  
1	luki  
1	luźny  
1	łup  
1	lorn  
1	przegrać  
1	przegrany  
1	przegrani  
1	traci  
1	przegrywając  
1	strata  
1	straty  
1	stracone  
1	głośno  
1	głośniej  
1	kiepski  
1	bez miłości  
1	lovelorn  
1	nisko oceniany  
1	nisko  
1	absurdalny  
1	śmiesznie  
1	nędzny  
1	letni  
1	cisza  
1	grudkowaty  
1	obłąkany  
1	lunatyzm  
1	lurch  
1	przynęta  
1	lurid  
1	czają się  
1	czający się  
1	leżąc  
1	makabryczne  
1	zły  
1	madden  
1	denerwować  
1	denerwująco  
1	madder  
1	szaleńczo  
1	wariat  
1	szaleństwo  
1	niedostosowane  
1	niedopasowanie  
1	dolegliwość  
1	złe samopoczucie  
1	malkontent  
1	malcontented  
1	maledict  
1	wrogość  
1	wrogo nastawiony  
1	niepoprawnie  
1	złośliwość  
1	złośliwy  
1	złośliwie  
1	złośliwość  
1	malign  
1	złośliwy  
1	cuchnący  
1	maltretowanie  
1	magiel  
1	zniekształcone  
1	mangles  
1	zniekształcanie  
1	mania  
1	maniak  
1	maniakalny  
1	maniakalny  
1	manipulować  
1	manipulacja  
1	manipulacyjny  
1	manipulatory  
1	mar  
1	marginalny  
1	marginalnie  
1	męczeństwo  
1	szukanie męczeństwa  
1	tłuczone  
1	masakra  
1	masakry  
1	matowy  
1	jastrzębie  
1	mawko  
1	niewinność  
1	skromny  
1	bez znaczenia  
1	podłość  
1	nędzny  
1	wtrącać się  
1	wścibski  
1	przeciętny  
1	przeciętność  
1	melancholia  
1	melodramatyczny  
1	melodramatycznie  
1	topnienie  
1	zagrożenie  
1	groźny  
1	groźnie  
1	kłamliwy  
1	zakłamanie  
1	serialny  
1	bezlitosny  
1	bezlitośnie  
1	bałagan  
1	pomieszany  
1	mes  
1	zakłócanie  
1	brudny  
1	mikrus  
1	miff  
1	wojowniczość  
1	bezmyślny  
1	bezmyślnie  
1	miraż  
1	mire  
1	misalign  
1	źle ustawione  
1	misaligns  
1	źle rozumieć  
1	misbecome  
1	źle  
1	nierozważne  
1	źle się zachowywać  
1	niewłaściwe zachowanie  
1	miscalculate  
1	błąd w obliczeniach  
1	różne  
1	psot  
1	psotny  
1	psotnie  
1	nieporozumienie  
1	nieporozumienia  
1	miscreant  
1	złoczyńcy  
1	misdirection  
1	skąpiec  
1	nieszczęśliwy  
1	nieszczęśliwość  
1	żałośnie  
1	nieszczęścia  
1	skąpy  
1	nędza  
1	misfit  
1	nieszczęście  
1	zaniedbanie  
1	obawy  
1	misguidance  
1	błędny przewodnik  
1	błędne  
1	niewłaściwe zarządzanie  
1	nieszczęśliwy wypadek  
1	dezinformacja  
1	źle poinformowany  
1	źle interpretować  
1	błędna ocena  
1	błędne osądzenie  
1	wprowadzić w błąd  
1	wprowadzające w błąd  
1	myląco  
1	nieprzyjemny  
1	niewłaściwe zarządzanie  
1	mispronounce  
1	źle wymawiana  
1	błędne wypowiedzi  
1	źle odczytane  
1	błąd w czytaniu  
1	fałszywie przedstawiać  
1	wprowadzenie w błąd  
1	chybienie  
1	brakowało  
1	chybia  
1	zniekształcenie  
1	mgła  
1	błąd  
1	mylone  
1	omyłkowo 
1	błędy  
1	mistyfikowane  
1	kochanka  
1	nieufność  
1	nieufny  
1	nieufnie  
1	mgły  
1	źle zrozumieć  
1	nieporozumienie  
1	nieporozumienia  
1	niezrozumiany  
1	niewłaściwe użycie  
1	jęk  
1	mobster  
1	udawać  
1	wyśmiewany  
1	krotki  
1	kpiny  
1	kpiny  
1	kpiąco  
1	makiety  
1	molest  
1	molestowanie  
1	monotonne  
1	monotonia  
1	potwór  
1	potworności  
1	potworność  
1	potworny  
1	potwornie  
1	moody  
1	dyskusja  
1	mope  
1	chorobliwy  
1	chorobliwie  
1	zaprawiony  
1	mordantly  
1	konający  
1	kretyn  
1	kretyński  
1	kretyni  
1	umartwienie  
1	upokorzony  
1	umartwiać  
1	umartwiający  
1	nieruchomy  
1	pstrokacizna  
1	żałoba  
1	żałobnik  
1	żałobny  
1	żałośnie  
1	bałagan  
1	zabłocony  
1	mudslinger  
1	mudslinging  
1	mulish  
1	wielopolaryzacja  
1	przyziemny  
1	zabójstwo  
1	morderca  
1	morderczy  
1	morderczo  
1	mętny  
1	wyginanie mięśni  
1	bzdurny  
1	stęchły  
1	tajemniczy  
1	tajemniczo  
1	tajemnica  
1	mistify  
1	mit  
1	nag  
1	dokuczliwy  
1	naiwny  
1	naiwnie  
1	węższy  
1	nieprzyjemnie  
1	złośliwość  
1	nieprzyjemny  
1	niegrzeczny  
1	nudności  
1	nudności  
1	nudności  
1	mdląco  
1	naiwny  
1	mglisty  
1	mgliście  
1	niepotrzebne  
1	niepotrzebnie  
1	potrzebujący  
1	nikczemny  
1	nikczemnie  
1	negate  
1	negacja  
1	ujemny  
1	negatywy  
1	negatywność  
1	zaniedbanie  
1	zaniedbane  
1	zaniedbanie  
1	niedbalstwo  
1	nemezis  
1	nepotyzm  
1	nerwowy  
1	nerwowo  
1	nerwowość  
1	pokrzywa  
1	nettlesome  
1	neurotyczny  
1	neurotycznie  
1	niggle  
1	Niggles  
1	koszmar  
1	koszmarny  
1	koszmarnie  
1	nitpick  
1	nitpicking  
1	hałas  
1	odgłosy  
1	głośniejszy  
1	głośny  
1	niewiarygodność  
1	nieistniejący  
1	nie reaguje  
1	bzdury  
1	wścibski  
1	rozgłos  
1	notorycznie  
1	notorycznie  
1	trujący  
1	uciążliwość  
1	zdrętwiałe  
1	otyłość  
1	obiekt  
1	sprzeciw  
1	budzący zastrzeżenia  
1	obiekcje  
1	ukośny  
1	zatrzeć  
1	zatarte  
1	niepomny  
1	nieprzyjemny  
1	nieprzyjemnie  
1	nieprzyzwoity  
1	nieprzyzwoicie  
1	nieprzyzwoitość  
1	niejasny  
1	zasłonięte  
1	zaciemnia  
1	nieprzejrzystość  
1	obsesja  
1	obsesyjne  
1	obsesyjnie  
1	obsesyjność  
1	przestarzały  
1	przeszkoda  
1	uparty  
1	uporczywie  
1	zasłaniać  
1	zatkany  
1	utrudnianie  
1	niedrożność  
1	przeszkody  
1	natarczywy  
1	rozwarty  
1	zamknij  
1	okludowany  
1	occludes  
1	okluzja  
1	nieparzysty  
1	odder  
1	Najdziwniejsze  
1	osobliwości  
1	dziwność  
1	dziwnie  
1	zapach  
1	przestępstwo  
1	obrażać  
1	sprawca  
1	obrażanie  
1	przestępstwa  
1	obraźliwy  
1	ofensywnie  
1	obraźliwość  
1	obraźliwe  
1	złowieszczy  
1	złowrogo  
1	pominięcie  
1	pominąć  
1	jednostronny  
1	uciążliwe  
1	uciążliwie  
1	Nawałnica  
1	uparty  
1	przeciwnik  
1	oportunistyczne  
1	sprzeciwiać się  
1	opozycja  
1	opozycje  
1	uciskać  
1	ucisk  
1	opresyjny  
1	opresyjnie  
1	opresyjność  
1	oprawcy  
1	test  
1	sierota  
1	ostracize  
1	wybuch   
1	wybuchy  
1	wyrzutek  
1	krzyk  
1	banita  
1	przestarzałe  
1	oburzenie  
1	oburzony  
1	oburzające  
1	skandalicznie  
1	skandaliczność  
1	zniewagi  
1	outsider  
1	nadmiernie zagłuszone  
1	nadmierne respektowanie  
1	nadmiernie zrównoważony  
1	przewyższone  
1	zawyżone  
1	zawyżenie wartości  
1	nadmierny  
1	przeładowany  
1	przestraszony  
1	nadmierna równowaga  
1	nadmierny  
1	apodyktyczny  
1	apodyktycznie  
1	przesadzone  
1	przesadzić  
1	przesadzone  
1	zaległy  
1	przecenić  
1	przegrzanie  
1	przesada  
1	przeciążony  
1	przeoczyć  
1	nadpłacone  
1	przepłacony  
1	overplay  
1	obezwładnienie  
1	zawyżone  
1	przereklamowane  
1	nadmierny zasięg  
1	przekroczenie  
1	przesłonięcie  
1	niedopatrzenie  
1	niedopatrzenia  
1	uproszczenie  
1	uproszczone  
1	nadmierne uproszczenie  
1	nadwymiarowy  
1	zawyżać  
1	zawyżone  
1	zawyżanie  
1	zawyżenia  
1	przesadza  
1	przeciążone  
1	obalenie  
1	obalenia  
1	przewrócić  
1	nadwaga  
1	przytłaczać  
1	przytłoczony  
1	przytłaczający  
1	w przeważającej mierze 
1	przytłacza  
1	nadgorliwy  
1	nadgorliwie  
1	overzelous  
1	ból  
1	bolesny  
1	bolesny  
1	boleśnie  
1	bóle  
1	blady  
1	blednie  
1	marne  
1	pan  
1	pandemonium  
1	Pander  
1	pielegocjowanie  
1	panders  
1	panika  
1	panick  
1	spanikowany  
1	panika  
1	paniczny  
1	paradoksalny  
1	paradoksalnie  
1	paralize  
1	sparaliżowany  
1	paranoja  
1	paranoidalny  
1	pasożyt  
1	pariah  
1	parodia  
1	stronniczość  
1	partyzant  
1	partyzanci  
1	passe  
1	pasywny  
1	bierność  
1	żałosny  
1	żałośnie  
1	protekcjonalny  
1	niedostatek  
1	pauper  
1	nędzarze  
1	zwrot  
1	osobliwe  
1	szczególnie  
1	pedantyczny  
1	obrane  
1	zirytować  
1	zirytowany  
1	peevish  
1	zirytowany  
1	karać  
1	kara  
1	perfidny  
1	perfidcja  
1	powierzchowny  
1	niebezpieczeństwo  
1	niebezpieczny  
1	niebezpiecznie  
1	zginąć  
1	zgubny  
1	zakłopotanie  
1	zakłopotany  
1	kłopotliwy  
1	zakłopotanie  
1	prześladować  
1	prześladowanie  
1	uporczywy  
1	niewinnie  
1	pertinacity  
1	perturb  
1	zaniepokojony  
1	wszechobecny  
1	przewrotny  
1	przewrotnie  
1	perwersja  
1	perwersja  
1	zboczeniec  
1	zboczony  
1	zboczeńcy  
1	pesymizm  
1	pesymistyczny  
1	pesymistycznie  
1	szkodnik  
1	groźny  
1	skamieniały  
1	petrify  
1	pettifog  
1	małostkowy  
1	fobia  
1	fobiczny  
1	fałszywe  
1	pikiet  
1	pikietowane  
1	pikietowanie  
1	pikiety  
1	wybredny  
1	świnia  
1	świnie  
1	grabież  
1	pręgierz  
1	pryszcz  
1	szczypta  
1	pique  
1	żałosny  
1	żałosny  
1	żałośnie  
1	bezlitosny  
1	bezlitośnie  
1	pittance  
1	Szkoda  
1	plagiatować  
1	dżuma  
1	plasticky  
1	bawidełko  
1	zarzut  
1	zarzuty  
1	plebejski  
1	położenie  
1	działka 
1	plotery  
1	sztuczka  
1	grabież  
1	grabieżca  
1	bezcelowe  
1	bezcelowo  
1	trucizna  
1	trujący  
1	jadowicie  
1	pokey  
1	poky  
1	polaryzacja  
1	polemize  
1	zanieczyszczenie  
1	zanieczyszczający  
1	zanieczyszczający  
1	zanieczyszczenie  
1	pompatyczny  
1	słaby  
1	gorszy  
1	najbiedniejszy  
1	słabo  
1	pozerstwo  
1	pout  
1	ubóstwo  
1	bezsilny  
1	prate  
1	pratfall  
1	prattle  
1	niepewny  
1	niepewnie  
1	osad  
1	gwałtowny  
1	drapieżny  
1	kłopot  
1	przesądzać  
1	uprzedzenia  
1	uprzedzenia  
1	szkodliwy  
1	z premedytacją  
1	zajęte  
1	niedorzeczny  
1	niedorzecznie  
1	arogancki  
1	bezczelnie  
1	udawanie  
1	udawać  
1	udawanie  
1	pretensjonalny  
1	pretensjonalnie  
1	prevaricate  
1	drogie  
1	Cena  
1	ukłucie  
1	kolka  
1	kolka  
1	dumny  
1	prik  
1	pierwotny  
1	więzienie  
1	więzień  
1	problem  
1	problematyczne  
1	problemy  
1	zwlekaj  
1	zwlekają  
1	zwlekanie  
1	profanum  
1	wulgaryzmy  
1	zabronić  
1	wygórowany  
1	stanowczo  
1	propaganda  
1	propagować  
1	zastrzeżony  
1	ścigać  
1	protest  
1	protestował  
1	protestujący  
1	protesty  
1	przewlekłe  
1	prowokacja  
1	prowokacyjny  
1	prowokować  
1	pry  
1	zadziorny  
1	zadziornie  
1	pugnacity  
1	cios  
1	ukaraj  
1	karalne  
1	karne  
1	punk  
1	mizerny  
1	marionetka  
1	lalki  
1	zdziwiony  
1	zdziwienie  
1	zagadkowy  
1	szarlatan  
1	qualm  
1	skrupułów  
1	dylemat  
1	kłótnia  
1	quarrellous  
1	skwapliwie  
1	kłótnie  
1	kłótliwy  
1	quash  
1	queer  
1	budzący wątpliwości  
1	quibble  
1	quibbles  
1	quitter  
1	wściekły  
1	rasizm  
1	rasistowski  
1	rasistki  
1	rasistowskie  
1	radykalny  
1	radykalizacja  
1	radykalnie  
1	rodniki  
1	wściekłość  
1	obszarpany  
1	szaleje  
1	szyna  
1	raked  
1	szaleństwo  
1	nieokiełznany  
1	zrujnowany  
1	ułomność  
1	losowo  
1	rankle  
1	rant  
1	ranted  
1	ranting  
1	rantingly  
1	rants  
1	gwałt  
1	zgwałcony  
1	gwałcenie  
1	łobuz  
1	łotry  
1	wysypka  
1	grzechotka  
1	grzechotał  
1	grzechotki  
1	spustoszenie  
1	bredzenie  
1	reakcyjny  
1	zbuntowany  
1	rebuff  
1	nagana  
1	krnąbrny  
1	nieistotne  
1	recesja  
1	recesja  
1	lekkomyślny  
1	lekkomyślnie  
1	lekkomyślność  
1	Odrzut  
1	regresy  
1	nadmiarowość  
1	nadmiarowy  
1	odmowa  
1	odmówić  
1	odmówił  
1	odmawia  
1	odmowa  
1	obalenie  
1	obróć  
1	obalony  
1	obrażenia  
1	obalając  
1	regres  
1	regresja  
1	regresywny  
1	żałować  
1	z żalem  
1	żal  
1	z przykrością  
1	żałuje  
1	godne ubolewania  
1	niestety  
1	żałować  
1	odrzucić  
1	odrzucony  
1	odrzucanie  
1	odrzucenie  
1	odrzuca  
1	nawrót  
1	bezwzględny  
1	bezlitośnie  
1	bezwzględność  
1	reluktancja  
1	niechętny  
1	niechętnie  
1	wyrzut sumienia  
1	skruchy  
1	skwapliwie  
1	bezlitosny  
1	bezlitośnie  
1	bezlitosność  
1	wyrzeczenie się  
1	wyrzeczenie  
1	odpychaj  
1	powtarzalny  
1	naganny  
1	nagannie  
1	nagość  
1	nagrania  
1	repress  
1	represja  
1	represyjny  
1	nagana  
1	wyrzut  
1	wyrzutem  
1	reprove  
1	upomnienie  
1	odpieść się  
1	odrzucenie  
1	repugn  
1	odstraszanie  
1	odstraszający  
1	odrażająco  
1	odpychanie  
1	odparty  
1	odpychanie  
1	odpychający  
1	odpychający  
1	odpychanie  
1	resent  
1	urażony  
1	resentyment  
1	rezygnacja  
1	zrezygnowany  
1	opór  
1	niespokojny  
1	niepokój  
1	ograniczyć  
1	ograniczone  
1	ograniczenia.'
1	restrykcyjne  
1	odradzający się  
1	odwet  
1	odwetowy  
1	opóźnienie  
1	opóźniony  
1	opóźnienie  
1	opóźnienia  
1	małomówny  
1	wycofaj  
1	rekolekcje  
1	wycofane  
1	zemsta  
1	zemsta  
1	zemsta  
1	przywróć  
1	revile  
1	obrażony  
1	odwołać  
1	bunt  
1	bunt  
1	buntująco  
1	obrót  
1	revulsive  
1	rhapsodize  
1	retoryka  
1	retoryczne  
1	ricer  
1	ośmieszanie  
1	śmieszki  
1	śmieszny  
1	absurdalnie  
1	rife  
1	szczelina  
1	szczeliny  
1	sztywny  
1	sztywność  
1	sztywność  
1	rile  
1	zmiażdżony  
1	rip  
1	rip-off  
1	ripoff  
1	zgrywanie  
1	ryzyko  
1	ryzyko  
1	ryzykowny  
1	rywal  
1	rywalizacja  
1	blokady drogowe  
1	skalisty  
1	łotrzyk  
1	rollercoaster  
1	zgnilizna  
1	zgniłe  
1	szorstki  
1	rremediable  
1	śmieci  
1	niegrzeczny  
1	rue  
1	ruffian  
1	wzburzenie  
1	ruina  
1	zrujnowany  
1	rujnując  
1	zrujnowany  
1	ruiny  
1	dudnienie  
1	plotka  
1	plotki  
1	plotki  
1	rumple  
1	run-down  
1	zbieg  
1	pęknięcie  
1	rdza  
1	rdza  
1	zardzewiały  
1	rutynowy  
1	bezwzględny  
1	bezwzględnie  
1	bezwzględność  
1	koleiny  
1	sabotaż  
1	worek  
1	poświęcony  
1	smutny  
1	zasmucony  
1	niestety  
1	smutek  
1	sag  
1	sagged  
1	ugięcie  
1	saggy  
1	sagi  
1	łaskawy  
1	świętoszkowaty  
1	sap  
1	sarkazm  
1	sarkastyczny  
1	sarkastycznie  
1	sardoniczny  
1	sardonicznie  
1	sass  
1	satyryczny  
1	satyryczny  
1	dziki  
1	zaatakowany  
1	dzikość  
1	dzikusy  
1	łuskowaty  
1	oszustwo  
1	oszustwa  
1	skandal  
1	zgorszyć  
1	zgorszony  
1	skandaliczny  
1	skandalicznie  
1	skandale  
1	scandel  
1	skandele  
1	skąpe  
1	kozioł ofiarny  
1	blizna  
1	rzadki  
1	ledwie  
1	niedobór  
1	przestraszyć  
1	przerażony  
1	przerażające  
1	przerażający  
1	przerażająco  
1	blizn  
1	blizny  
1	przerażające  
1	zjadliwy  
1	zjadliwie  
1	sceptyczny  
1	scoff  
1	z przekąsem  
1	łajać  
1	wyryte  
1	zbesztanie  
1	besztanie  
1	przypalanie  
1	upalny  
1	pogarda  
1	pogardliwy  
1	pogardliwie  
1	łotr  
1	plaga  
1	scowl  
1	mieszanie  
1	kodowany  
1	scrambles  
1	szyfrowanie  
1	złom  
1	scratch  
1	porysowany  
1	zadrapania  
1	szorstki  
1	krzyk  
1	pisk  
1	Zmniejszenie  
1	skręcane  
1	skręcane  
1	śrubowy  
1	zadrapanie  
1	zadrapania  
1	szumowiny  
1	szumowaty  
1	druga klasa  
1	Drugi poziom  
1	tajemniczy  
1	siedzący tryb życia  
1	obskurny  
1	seethe  
1	kipienie  
1	autoportret  
1	samokrytycyzm  
1	samobójcze  
1	autodestrukcyjne  
1	samo upokorzenie  
1	własny interes  
1	własny interes  
1	samoobsługa  
1	niezainteresowany  
1	samolubny  
1	samolubnie  
1	egoizm  
1	częściowo opóźniony  
1	starczy  
1	sensacja  
1	bezsensowny  
1	bezsensownie  
1	powaga  
1	sermonize  
1	niewola  
1	konfiguracja  
1	obniżenie  
1	porażki  
1	sever  
1	surowe  
1	dotkliwość  
1	sh * t  
1	shabby  
1	niewyraźny  
1	zacieniony  
1	potrząśnij  
1	niepewny  
1	płytki  
1	fikcja  
1	bałagan  
1	wstyd  
1	wstydliwy  
1	haniebnie  
1	wstydliwość  
1	bezwstydny  
1	bezwstydnie  
1	bezwstyd  
1	rekin  
1	ostro  
1	rozbicie  
1	shemale  
1	migotać  
1	shimmy  
1	wrak statku  
1	szirk  
1	shirker  
1	gówno  
1	dreszcz  
1	wstrząs  
1	zszokowany  
1	szokujące  
1	szokująco  
1	tandetny  
1	krótkotrwały  
1	niedobór  
1	krótki  
1	niedociągnięcie  
1	niedociągnięcia  
1	krótkość  
1	krótkowzroczny  
1	krótkowzroczność  
1	showdown  
1	ryjówka  
1	wrzask  
1	przenikliwy  
1	przenikliwy  
1	pomału  
1	Całun  
1	spowity  
1	wzruszając ramionami  
1	shun  
1	odrzucony  
1	chory  
1	sicken  
1	obrzydliwy  
1	obrzydliwie  
1	chorowity  
1	choroba  
1	sidetrack  
1	sidetracked  
1	oblężenie  
1	sillily  
1	głupi  
1	uproszczone  
1	uproszczony  
1	grzech  
1	grzeszny  
1	grzesznie  
1	złowrogi  
1	złowrogo  
1	zlew  
1	tonący  
1	szkielety  
1	sceptyk  
1	sceptyczny  
1	sceptycznie  
1	sceptycyzm  
1	szkicowy  
1	skąpe  
1	chudy  
1	płochliwy  
1	płochliwie  
1	skulk  
1	luzu  
1	oszczerstwo  
1	oszczerca  
1	oszczercze  
1	oszczerczo  
1	oszczerstwa  
1	klaps  
1	cięcie  
1	ubój  
1	ubite  
1	niewolnik  
1	niewolnicy  
1	marny  
1	szlam  
1	slog  
1	przegoniony  
1	naciąganie  
1	slogs  
1	sloooooooooooooow  
1	sloooow  
1	slooow  
1	sloow  
1	niechlujnie  
1	niechlujstwo  
1	lenistwo  
1	leniwy  
1	wolno  
1	wolno poruszające się  
1	spowolnione  
1	wolniej  
1	najwolniejszy  
1	powoli  
1	sloww  
1	slowww  
1	slowwww  
1	ślimak  
1	powolny  
1	spadek  
1	opadnięcie  
1	zrzucanie  
1	slur  
1	dziwka  
1	dziwki  
1	chytry  
1	klaps  
1	mały  
1	rozbić  
1	rozmaz  
1	zapach  
1	pachniało  
1	wąchający  
1	zapachy  
1	śmierdzący  
1	wytapia się  
1	dym  
1	zasłona dymna  
1	tlić się  
1	tlący się  
1	dusić  
1	tlić się  
1	tlący się  
1	rozmazywanie  
1	rozmazany  
1	smugi  
1	rozmazywanie  
1	kołtuński  j
1	zadowolenie  
1	smut  
1	smuttier  
1	najbardziej smuty  
1	smutty  
1	szkopuł  
1	zaczepiony  
1	snagging  
1	zaczepki  
1	snappish  
1	upiornie  
1	werbel  
1	snarky  
1	warczenie  
1	sneak  
1	podstępnie  
1	podstępne  
1	drwić  
1	szyderczy  
1	szyderczo  
1	snob  
1	snobistyczne  
1	snoby  
1	snobski  
1	snoby  
1	snub  
1	tak  cal  
1	mydło  
1	szloch  
1	trzeźwy  
1	otrzeźwienie  
1	uroczysty  
1	troska  
1	ponury  
1	ból  
1	boleśnie  
1	bolesność  
1	smutek  
1	bolesny  
1	smutno  
1	przepraszam  
1	kwaśny  
1	kwaśno  
1	pik  
1	spank  
1	spendy  
1	spew  
1	wyrzucony  
1	wypluwanie  
1	wyrzutów  
1	rozlewając  
1	spinster  
1	bezduszny  
1	złośliwość  
1	złośliwy  
1	złośliwie  
1	złośliwość  
1	rozpryski  
1	podzielone  
1	dzielenie  
1	zepsuć  
1	psucie  
1	zepsucia  
1	zepsute  
1	zepsute  
1	łupy  
1	Spook  
1	Spookier  
1	najbardziej przerażający  
1	strasznie  
1	upiorny  
1	podawany z łyżeczką  
1	podawanie łyżką  
1	spoonfed  
1	sporadyczne  
1	nierówny  
1	fałszywe  
1	odejść  
1	rozpylanie  
1	sprzeczka  
1	sprzeczanie się  
1	zmarnować  
1	squash  
1	pisk  
1	piki  
1	skrzypiący  
1	pisk  
1	piszczący  
1	piski  
1	squirm  
1	dźganie  
1	stagnacja  
1	stagnacja  
1	stagnacja  
1	stateczny  
1	plama  
1	plamy  
1	nieaktualne  
1	pat  
1	przeciągnięcie  
1	stragany  
1	wyjąkanie  
1	panika  
1	standstill  
1	surowy  
1	surowo  
1	przestroga  
1	zaskakujący  
1	zaskakująco  
1	głód  
1	głodować  
1	statyczny  
1	ukraść  
1	kradzież  
1	przechwytuje  
1	strome  
1	stromo  
1	smród  
1	stereotyp  
1	stereotypowe  
1	stereotypowo  
1	rufa  
1	gulasz  
1	lepki  
1	sztywny  
1	sztywność  
1	dławić  
1	duszenie  
1	duszno  
1	piętno  
1	stygmatyzować  
1	żądło  
1	kłucie  
1	skąpy  
1	skąpy  
1	smród  
1	śmierdzi  
1	ciężki  
1	ukradł  
1	skradziony  
1	stooge  
1	pachołki  
1	burzliwy  
1	straggle  
1	maruder  
1	szczep  
1	napięte  
1	wytężanie  
1	dziwne  
1	o dziwo  
1	nieznajomy  
1	najdziwniejszy  
1	dusić  
1	smugowaty  
1	uciążliwy  
1	stres  
1	podkreśla  
1	stresujący  
1	stresująco  
1	dotknięty  
1	ścisłe  
1	ściśle  
1	strident  
1	ostro  
1	konflikt  
1	strajk  
1	rygorystyczne  
1	rygorystycznie  
1	uderzony  
1	zmaganie  
1	walczył  
1	zmagania  
1	walczący  
1	rozpórka  
1	uparty  
1	uparcie  
1	upór  
1	utknąć  
1	duszno  
1	potknięcie się  
1	potknął się  
1	potknięcia  
1	kikut  
1	zakłopotany  
1	pnie  
1	ogłuszenie  
1	wyczyn  
1	skarłowaciałe  
1	głupi  
1	najgłupszy  
1	głupota  
1	głupio  
1	stupified  
1	ogłupić  
1	osłupienie  
1	zacinić się  
1	wyjąkał  
1	jąkanie  
1	zacina się  
1	sty  
1	przestraszony  
1	podparametr  
1	przytłumiony  
1	poddane  
1	poddaństwo  
1	poddźwięk  
1	podporządkowanie  
1	uległe  
1	podwładny  
1	wezwanie do sądu  
1	wezwania  
1	poddaństwo  
1	podrzędny  
1	niespełniający norm  
1	odjąć  
1	subwersja  
1	wywrotowy  
1	wywrotowo  
1	subvert  
1	ulegać  
1	ssać  
1	zasysane  
1	przyssawka  
1	ssie  
1	sucky  
1	pozwać  
1	pozwany  
1	sueing  
1	sues  
1	cierpieć  
1	poniesione  
1	cierpiącego  
1	osoby cierpiące na choroby  
1	cierpienie  
1	cierpi  
1	udusić  
1	cukier-płaszcz  
1	pokryte cukrem  
1	pokryty cukrem  
1	samobójcze  
1	samobójstwo  
1	dąs  
1	ponury  
1	sully  
1	sunder  
1	zatopiony  
1	zatopiony  
1	powierzchowny  
1	powierzchowność  
1	powierzchownie  
1	zbędne  
1	przesąd  
1	przesądny  
1	pomiń  
1	tłumienie  
1	poddać się  
1	wrażliwy  
1	podejrzany  
1	podejrzenie  
1	podejrzenia  
1	podejrzane  
1	podejrzanie  
1	łachman  
1	zalany  
1	spocony  
1	puchnący  
1	obrzęk  
1	oszustwo  
1	przeciągnięcie  
1	spuchnięty  
1	objaw  
1	objawy  
1	zespół  
1	tabu  
1	tandetny  
1	taint  
1	skażony  
1	sabotaż  
1	plątanina  
1	splątane  
1	sploty  
1	zbiornik  
1	tankowany  
1	czołgi  
1	napad złości  
1	opóźniony  
1	tarnish  
1	nadszarpnięta  
1	lakiery  
1	matowienie  
1	postrzępione  
1	drwina  
1	drwiny  
1	drwiąco  
1	drwiny  
1	naprężone  
1	tawdry  
1	opodatkowanie  
1	złośliwiec  
1	złośliwie  
1	nużący  
1	żmudnie  
1	temerność  
1	temperament  
1	burza  
1	pokusa  
1	czułość  
1	napięta  
1	napięcie  
1	wstępny  
1	wstępnie  
1	słabe  
1	słabo  
1	tepid  
1	okropne  
1	potworność  
1	okropnie  
1	terror  
1	terror-genic  
1	terroryzm  
1	terroryzować  
1	sprawnie  
1	testy  
1	tetchily  
1	tetchy  
1	niewdzięczny  
1	grubszy  
1	pragnienie  
1	cierniste  
1	bezmyślny  
1	bezmyślnie  
1	bezmyślność  
1	thrash  
1	zagrożenie  
1	zagrozić  
1	zagrażające  
1	zagrożenia  
1	trójka  
1	throb  
1	pulsujący  
1	pulsowanie  
1	throbs  
1	przepustnica  
1	bandyta  
1	kciuk w dół  
1	kciuk w dół  
1	udaremnienie  
1	czasochłonne  
1	bojaźliwy  
1	nieśmiałość  
1	nieśmiało  
1	bojaźliwość  
1	tin-y  
1	mrowili się  
1	mrowienie  
1	zmęczony  
1	Nużący  
1	męczące  
1	męcząco  
1	trud  
1	opłata  
1	górny-ciężki  
1	przewrócić  
1	udręka  
1	udręczony  
1	torrent  
1	kręty  
1	tortury  
1	torturowany  
1	tortury  
1	torturowanie  
1	torturujący  
1	torturalnie  
1	totalitarny  
1	Dotyk  
1	wytrzymałość  
1	tout  
1	reklamowany  
1	naganiacze  
1	toksyczne  
1	traduce  
1	tragedia  
1	tragiczny  
1	tragicznie  
1	zdrajca  
1	zdradziecki  
1	Zdradziecko  
1	włóczęga  
1	dept  
1	wykroczenie  
1	transgresja  
1	pułapka  
1	traped  
1	uwięziony  
1	kosz  
1	kosza  
1	tandetny  
1	uraz  
1	traumatyczne  
1	traumatycznie  
1	traumatyzować  
1	po urazie  
1	trawestacje  
1	trawestacja  
1	zdradziecki  
1	zdradziecko  
1	zdrada  
1	zdrada  
1	zdradziecki  
1	sztuczka  
1	oszukać  
1	sztuczka  
1	podchwytliwe  
1	trywialny  
1	trywializować  
1	kłopoty  
1	niespokojne  
1	wichrzyciel  
1	kłopoty  
1	kłopotliwy  
1	kłopotliwie  
1	niepokojące  
1	niepokojąco  
1	wagar  
1	upadek  
1	przewrócone  
1	upadki  
1	burzliwy  
1	burzliwy  
1	zamieszanie  
1	twist  
1	skręcone  
1	zwroty akcji  
1	dwulicowy  
1	dwie twarze  
1	tyraniczny  
1	tyraninalnie  
1	tyrania  
1	tyran  
1	ugh  
1	brzydszy  
1	najbrzydszy  
1	brzydota  
1	brzydki  
1	ukryte  
1	ultimatum  
1	ultimatum  
1	ultra-hardline  
1	niewidoczny  
1	nie można  
1	niedopuszczalne  
1	nieakceptowalnie  
1	niedopuszczalnie  
1	niedostępne  
1	nieprzyzwyczajony  
1	nieosiągalne  
1	nieosiągalny  
1	unappealing  
1	nieatrakcyjny  
1	nieautentyczny  
1	niedostępny  
1	nieuchronnie  
1	nie do zniesienia  
1	nieznośnie  
1	niewiarygodne  
1	niewiarygodnie  
1	nieczułość  
1	niepewne  
1	uncivil  
1	niecywilizowany  
1	nieczysty  
1	niejasne  
1	nieściągalny  
1	niewygodne  
1	niewygodnie  
1	niewygodne  
1	niekonkurencyjne  
1	bezkompromisowy  
1	bezkompromisowo  
1	niepotwierdzone  
1	niekonstytucyjne  
1	niekontrolowany  
1	nieprzekonujące  
1	nieprzekonująco  
1	niechętny do współpracy  
1	uncouth  
1	uncreative  
1	niezdecydowany  
1	niezdefiniowany  
1	niezdolność do pracy  
1	niepodłączalny  
1	podcięcie  
1	podcięcia  
1	podcięcie  
1	underdog  
1	nie doceniać  
1	podwładni  
1	podkopać  
1	podważone  
1	podkopuje  
1	podkopywanie  
1	niedopłacone  
1	niedoszła  
1	niewymiarowy  
1	niepożądane  
1	nieokreślony  
1	undid  
1	niegodny  
1	nierozpuszczone  
1	nieudokumentowane  
1	cofnięte  
1	niepotrzebne  
1	niepokój  
1	niespokojnie  
1	niepokój  
1	niespokojny  
1	nieekonomiczne  
1	bezrobotny  
1	nierówny  
1	nieetyczne  
1	nierówny  
1	bez zdarzeń  
1	nieoczekiwane  
1	nieoczekiwanie  
1	niewyjaśnione  
1	niesprawiedliwie  
1	niewierny  
1	niewiernie  
1	nieznajomy  
1	nieprzychylne  
1	nieczuły  
1	niedokończone  
1	nienadające się  
1	nieprzewidziany  
1	bezlitosny  
1	niefortunne  
1	niestety 
1	bezpodstawny  
1	nieprzyjazny  
1	niespełnione  
1	bez środków  
1	nieusuwalny  
1	niewdzięczny  
1	nieszczęśliwie  
1	nieszczęście  
1	nieszczęśliwy  
1	niezdrowe  
1	niepomocny  
1	unilateralizm  
1	niewyobrażalne  
1	niewyobrażalnie  
1	nieważne  
1	niedoinformowany  
1	nieubezpieczony  
1	nieczytelne  
1	niezrozumiały  
1	unipolarny  
1	niesprawiedliwe  
1	nieuzasadnione  
1	nieuzasadnione  
1	nieuzasadnione  
1	niesprawiedliwie  
1	niedobry  
1	nieuprzejmie  
1	nieznany  
1	nie podlegające podatkowi  
1	niepodzielnie  
1	niezgodne z prawem  
1	bezprawnie  
1	bezprawność  
1	Uwolnij  
1	bez licencji  
1	mało prawdopodobne  
1	pechowy  
1	niewzruszony  
1	nienaturalny  
1	nienaturalnie  
1	niepotrzebne  
1	niepotrzebny  
1	denerwować  
1	wytrącony z równowagi  
1	denerwujący  
1	niepokojąco  
1	niezauważony  
1	nieobserwowane  
1	niekonwencjonalny  
1	nieortodoksyjny  
1	nieprzyjemne  
1	nieprzyjemności  
1	niepopularny  
1	nieprzewidywalny  
1	nieprzygotowany  
1	nieproduktywny  
1	nieopłacalna  
1	unprove  
1	nieudany  
1	niesprawdzone  
1	niesprawdzone  
1	nieudane  
1	niewykwalifikowany  
1	rozwikłać  
1	rozwikłać  
1	nieosiągalny  
1	nieczytelne  
1	nierealistyczne  
1	nieuzasadnione  
1	nieuzasadnione  
1	nieubłagany  
1	nieubłaganie  
1	zawodność  
1	niewiarygodne  
1	nierozwiązane  
1	nie reaguje  
1	niepokój  
1	niesforny  
1	niebezpieczne  
1	niezadowalający  
1	niesmaczny  
1	pozbawiony skrupułów  
1	bez skrupułów  
1	niezabezpieczony  
1	nieprzyzwoicie  
1	unsettle  
1	nierozstrzygnięty  
1	niepokojące  
1	niepokojąco  
1	niewykwalifikowany  
1	niewyszukany  
1	unsound  
1	niewypowiedziane  
1	niewymownie  
1	nieokreślony  
1	niestabilne  
1	niepewnie  
1	niestałość  
1	niestabilny  
1	nieudane  
1	bez powodzenia  
1	nieobsługiwane  
1	nieobsługiwany  
1	niepewny  
1	niczego nie podejrzewasz  
1	niezrównoważony  
1	nie do utrzymania  
1	untested  
1	nie do pomyślenia  
1	niewyobrażalnie  
1	przedwczesne  
1	nietknięty  
1	nieprawdziwe  
1	niewiarygodne  
1	nieprawdziwe  
1	bezużyteczny  
1	nieusuwalnie  
1	nieużyteczne  
1	niepotrzebnie  
1	nietypowy  
1	niezwykle  
1	niewidoczny  
1	niechciane  
1	nieuzasadnione  
1	unwatchable  
1	niemile widziana  
1	źle  
1	nieporęczny  
1	niechętny  
1	niechętnie  
1	niechęć  
1	nierozsądne  
1	nierozsądnie  
1	niewykonalne  
1	niegodny  
1	nieustępliwy  
1	upbraid  
1	przewrót  
1	powstanie  
1	wrzawa  
1	wrzaskliwy  
1	wrzaskliwie  
1	wrzaskliwy  
1	hałaśliwie  
1	wykorzenić  
1	zdenerwowany  
1	zwiększanie  
1	niepokoje  
1	denerwujące  
1	nieprzyjemnie  
1	pilny  
1	bezużyteczne  
1	uzurpowanie się  
1	uzurpator  
1	kompletnie  
1	włóczęga  
1	niejasne  
1	nieostrość  
1	próżno  
1	na próżno  
1	próżność  
1	gwałtowny  
1	gwałtownie  
1	zemsta  
1	mściwe  
1	mściwie  
1	mściwość  
1	jad  
1	jadowity  
1	jadowicie  
1	odpowietrznik  
1	ślady  
1	vex  
1	osłabienie  
1	dokuczanie  
1	zirytowany  
1	wibrować  
1	wibrowany  
1	wibruje  
1	wibrowanie  
1	wibracje  
1	imadło  
1	błędne  
1	złośliwie  
1	okrucieństwo  
1	represjonować  
1	podły  
1	podłość  
1	vilify  
1	nikczemny  
1	nikczemnie  
1	złoczyńcy  
1	villian  
1	jaskrawe  
1	jaskrawo  
1	villify  
1	mściwy  
1	mściwie  
1	mściwość  
1	naruszenie  
1	naruszenie  
1	gwałciciel  
1	gwałciciele  
1	gwałtowne  
1	gwałtownie  
1	żmija  
1	zjadliwość  
1	zjadliwy  
1	zjadliwie  
1	wirus  
1	krzykliwy  
1	krzykliwie  
1	lotny  
1	zmienność  
1	wymioty  
1	wymiotowane  
1	wymioty  
1	wymioty  
1	wulgarny  
1	wrażliwy  
1	wack  
1	lament  
1	wallow  
1	słabe  
1	zanik  
1	bezmyślny  
1	wojenny  
1	ostrożnie  
1	ostrożność  
1	wojowniczy  
1	ostrzeżony  
1	ostrzeżenie  
1	osnowa  
1	wypaczony  
1	nieufny  
1	sprane  
1	odpady  
1	zmarnowane  
1	marnotrawstwo  
1	rozrzutność  
1	marnowanie  
1	obniżenie  
1	rozcieńczone  
1	skromny  
1	słaby  
1	osłabić  
1	osłabienie  
1	słabszy  
1	osłabienie  
1	słabości  
1	zmęczenie  
1	nużący  
1	znużony  
1	klin  
1	chwast  
1	płacz  
1	dziwne  
1	dziwnie  
1	wheedle  
1	kwilenie  
1	jęczeć  
1	marudzenie  
1	jęczący  
1	baty  
1	kurwa  
1	dziwki  
1	zły  
1	nikczemnie  
1	niegodziwość  
1	dziki  
1	dziko  
1	wily  
1	więdnięcie  
1	przebiegły  
1	wimpy  
1	Wince  
1	chybotanie  
1	zachwiał się  
1	wahnięcia  
1	biada  
1	woebegone  
1	fatalny  
1	żałośnie  
1	kobieciarz  
1	kobiecenie  
1	zużyte  
1	zmartwiony  
1	zmartwiony  
1	worrier  
1	zmartwienia  
1	niepokojący  
1	zmartwienie  
1	niepokojące  
1	niepokojąco  
1	gorzej  
1	pogorszyć się  
1	pogorszenie  
1	najgorsze  
1	bezwartościowe  
1	bezwartościowe  
1	bezwartościowość  
1	rana  
1	rany  
1	wrangle  
1	gniew  
1	siać  
1	siedział  
1	sieje  
1	wrak  
1	wyrwać  
1	wrestle  
1	nędznik  
1	nędzny  
1	nieszczęśliwie  
1	nędza  
1	zmarszczka  
1	pomarszczony  
1	zmarszczki  
1	wata  
1	wytarty  
1	kapanie  
1	wiithe  
1	źle  
1	bezprawne  
1	niesłusznie  
1	kute  
1	ziewać  
1	zap  
1	zaatakowany  
1	zaps  
1	zealot  
1	gorliwy  
1	gorliwie  
1	zombie  
0	obfituje
0	mnóstwo
0	obfitość
0	obfite
0	dostępne
0	dostępne
0	uznanie
0	doceniony
0	aklamacja
0	wyróżnienie
0	pochwały
0	akomodacyjne
0	zakwaterowanie
0	wykonać
0	wykonane
0	osiągnięcie
0	osiągnięcia
0	dokładne
0	dokładnie
0	osiągalne
0	osiągnięcie
0	osiągnięcia
0	osiągalne
0	przenikliwość
0	elastyczne
0	adaptacyjny
0	odpowiednie
0	regulowany
0	zachwycający
0	bosko
0	podziw
0	podziwiać
0	wielbiciel
0	podziwiając
0	podziwem
0	urocza
0	wielbić
0	uwielbiany
0	wielbiciel
0	adorowanie
0	uwielbieniem
0	sprytny
0	zręcznie
0	pochlebiać
0	pochlebstwo
0	pochlebczy
0	zaawansowane
0	korzyść
0	korzystne
0	korzystnie
0	zalety
0	Przygodowy
0	ryzykowny
0	adwokat
0	zalecany
0	rzecznicy
0	uprzejmość
0	uprzejmy
0	uprzejmie
0	afektacja
0	uczucia
0	czuły
0	powinowactwo
0	potwierdzić
0	afirmacja
0	twierdząco
0	dostatek
0	zamożny
0	pozwolić sobie
0	przystępne
0	w-przystępnej-cenie
0	niedrogie
0	zwinny
0	zręczny
0	zwinność
0	przyjemny
0	ugodowość
0	przyjemnie
0	dookoła
0	ponętny
0	ponętnie
0	altruistyczny
0	altruistycznie
0	zadziwić
0	zdziwiony
0	zdziwienie
0	zadziwia
0	niesamowite
0	zadziwiająco
0	ambitny
0	ambitnie
0	polepszyć
0	odpowiedzialny
0	udogodnienie
0	uprzejmość
0	chętnie
0	sympatyczny
0	polubowne
0	polubowne
0	polubownie
0	miłosierdzie
0	duży
0	obficie
0	zabaw
0	zabawne
0	zabawnie
0	anioł
0	anielski
0	apoteoza
0	odwołanie
0	atrakcyjny
0	pochwalić
0	odczuwalne
0	docenić
0	docenione
0	docenia
0	doceniać
0	uznaniem
0	właściwe
0	zatwierdzenie
0	zatwierdzić
0	żarliwy
0	żarliwie
0	zapał
0	artykułować
0	aspiracja
0	aspiracje
0	aspiruj
0	zapewnienie
0	zapewnienia
0	zapewnić
0	niezawodnie
0	zapewnienie
0	zadziwić
0	zdziwiony
0	zadziwiające
0	zadziwiająco
0	zdziwienie
0	zadziwić
0	zdumiony
0	zdumiewający
0	zdumiewająco
0	zdecydowanie
0	uważny
0	atrakcja
0	atrakcyjny
0	atrakcyjnie
0	niezawodnie
0	słyszalny
0	słyszalnie
0	pomyślny
0	autentyczny
0	autorytatywny
0	autonomiczny
0	dostępne
0	zaręczać
0	zapalony
0	szczerze
0	nagroda
0	nagrodzony
0	nagrody
0	respekt
0	zachwycony
0	niesamowite
0	niesamowicie
0	wspaniałość
0	podziwu
0	świetny
0	kręgosłup
0	zrównoważony
0	okazja
0	piękny
0	piękne
0	pięknie
0	pięknie
0	upiększyć
0	piękno
0	kiwać
0	skinął
0	nęcony
0	wabić
0	wiarygodne
0	uzasadnione
0	umiłowani
0	dobroczyńca
0	dobroczynny
0	korzystne
0	korzyścią
0	beneficjent
0	korzyść
0	świadczenia
0	życzliwość
0	życzliwy
0	korzyści
0	najlepiej
0	najbardziej znany
0	najlepsza wydajność
0	najlepiej sprzedająca się
0	lepiej
0	lepiej znany
0	lepiej niż się spodziewano
0	uważnie
0	nienaganne
0	błogosław
0	błogosławieństwo
0	błogość
0	błogi
0	błogo
0	beztroski
0	przeboje
0	rozkwit
0	kwiat
0	grzbiet
0	bonny
0	bonus
0	premie
0	bum
0	boom
0	doładowanie
0	bezgraniczna
0	obfity
0	najmądrzejszy
0	rozgarnięty
0	zupełnie nowy
0	odważny
0	odwaga
0	brawo
0	przełom
0	przełomy
0	zadyszka
0	zapiera dech w piersiach
0	zapiera dech w piersiach
0	bryza
0	jasne
0	rozjaśnij
0	jaśniej
0	najjaśniejszy
0	blask
0	brilliances
0	genialny
0	znakomicie
0	energiczny
0	braterski
0	zwyżkowy
0	prężny
0	cajole
0	spokój
0	uspokojenie
0	spokój
0	zdolność
0	zdolny
0	w miarę możliwości
0	urzekają
0	urzekający
0	beztroski
0	cashback
0	cashbacki
0	chwytliwy
0	świętuj
0	celebrowane
0	świętowanie
0	uroczysty
0	mistrz
0	mistrz
0	charyzma
0	charyzmatyczny
0	charytatywne
0	urok
0	uroczy
0	uroczo
0	czysty
0	tańsze
0	najtańsze
0	dopingować
0	wesoły
0	wesoły
0	kochać
0	ceniony
0	cherub
0	szykowny
0	rycerski
0	rycerskość
0	uprzejmość
0	cywilizować
0	jasność
0	klasyczny
0	elegancki
0	czysty
0	środek czyszczący
0	najczystsze
0	czystość
0	czyściutko
0	jasne
0	jednoznaczne
0	wyczyszczone
0	jaśniejsze
0	wyraźnie
0	usuwa
0	sprytny
0	sprytnie
0	cohere
0	spójność
0	spójne
0	spójny
0	kolorowy
0	Wspaniale
0	komfort
0	wygodne
0	wygodnie
0	pocieszający
0	wygodne
0	pochwalić
0	godne pochwały
0	pochlebnie
0	zaangażowanie
0	przestronny
0	kompaktowy
0	zwięźle
0	współczucie
0	współczujący
0	zgodny
0	konkurencyjny
0	dopełnienie
0	komplementarny
0	uzupełnione
0	uzupełnienia
0	zgodny
0	komplement
0	bezpłatne
0	kompleksowy
0	pojednać
0	pojednawczy
0	zwięzły
0	zaufanie
0	pewny siebie
0	sympatyczny
0	pogratulować
0	gratulacje
0	gratulacje
0	gratulacyjny
0	sumienny
0	uważać
0	zgodne
0	konsekwentnie
0	konstruktywny
0	doskonały
0	zadowolenie
0	ciągłość
0	contrasty
0	wkład
0	wygoda
0	wygodny
0	wygodnie
0	convience
0	wygodny
0	convient
0	przekonujący
0	przekonująco
0	fajnie
0	najfajniejsza
0	spółdzielnia
0	wspólnie
0	kamień węgielny
0	poprawne
0	poprawnie
0	opłacalne
0	oszczędność kosztów
0	kontratak
0	kontrataki
0	odwaga
0	odważny
0	odważnie
0	odważność
0	uprzejmy
0	dworski
0	przymierze
0	przytulny
0	twórczy
0	Wiarygodność
0	wiarygodne
0	ostry
0	ostry
0	leczyć
0	leczyć wszystko
0	cushy
0	słodkie
0	słodycz
0	danke
0	danken
0	śmiały
0	śmiało
0	kochanie
0	ozdobny
0	nieustraszony
0	świt
0	oślepiać
0	oszołomiony
0	oślepiający
0	tania tania
0	martwy
0	przyzwoitość
0	przyzwoite
0	decydujący
0	zdecydowania
0	dedykowane
0	porażka
0	pokonany
0	pokonanie
0	klęski
0	obrońca
0	szacunek
0	zręczny
0	zdegnifikowany
0	przemiły
0	delikatność
0	delikatny
0	pyszne
0	rozkosz
0	zachwycony
0	zachwycający
0	rozkosznie
0	rozkosz
0	niezawodny
0	niezawodnie
0	zasłużenie
0	zasługujący
0	pożądane
0	pragnąc
0	Desirous
0	przeznaczenie
0	odłączany
0	pobożny
0	zręczny
0	zręcznie
0	zręczny
0	dostojny
0	dostojny
0	godność
0	staranność
0	sumienny
0	sumiennie
0	dyplomatyczny
0	beztłuszczowy
0	rozróżnienie
0	charakterystyczny
0	wyróżniony
0	zróżnicowany
0	boski
0	bosko
0	dominować
0	zdominowany
0	dominuje
0	dote
0	dotingly
0	bez wątpienia
0	Kraina snów
0	osłupiały
0	oszołomiony
0	niepoprawny
0	trwałe
0	dynamiczny
0	chętni
0	z niecierpliwością
0	zapał
0	poważnie
0	serio
0	gorliwość
0	łatwość
0	złagodzone
0	easing
0	łatwiejsze
0	najłatwiej
0	łatwość
0	łagodzenie
0	łatwe
0	łatwy w użyciu
0	łatwy
0	uwięzienie
0	kipiący
0	żwawo
0	ekologiczne
0	ekonomiczny
0	ekstazy
0	ecstasy
0	ekstatyczny
0	ekstatycznie
0	buduj
0	wykształcony
0	skuteczne
0	skutecznie
0	skuteczność
0	skuteczny
0	skuteczny
0	sprawny
0	sprawnie
0	bez wysiłku
0	bez wysiłku
0	wysięk
0	wylewny
0	wylewnie
0	effusiveness
0	elan
0	podniecający
0	podniecony
0	z radością
0	podniecenie
0	elektryzować
0	elegancja
0	elegancki
0	elegancko
0	podnieś
0	elita
0	elokwencja
0	elokwentny
0	wymownie
0	śmiały
0	eminencja
0	wybitny
0	empatyzować
0	empatia
0	upełnomocnić
0	upodmiotowienie
0	zaczarować
0	zaczarowany
0	urzekający
0	czarująco
0	zachęcać
0	zachęta
0	zachęcanie
0	zachęcająco
0	okazuj
0	ujmujące
0	poprzeć
0	zatwierdzony
0	poparcie
0	popiera
0	popierania
0	energiczny
0	pobudzić
0	energooszczędny
0	energooszczędne
0	angażowanie
0	pochłaniać
0	poprawić
0	wzmocniony
0	ulepszenie
0	zwiększa
0	ciesz się
0	przyjemny
0	przyjemnie
0	cieszył się
0	ciesząc się
0	przyjemność
0	cieszy się
0	oświecić
0	oświecenie
0	ożywić
0	ennoble
0	wystarczy
0	enrapt
0	enrapture
0	zachwycony
0	wzbogacić
0	wzbogacenie
0	przedsiębiorczy
0	bawić się
0	zabawny
0	bawi
0	enthrall
0	enthrall
0	oczarowany
0	entuzjazm
0	entuzjazm
0	entuzjasta
0	entuzjastyczny
0	z entuzjazmem
0	wabić
0	wabiony
0	pociągający
0	kusząco
0	zachwycony
0	zachwycający
0	powierzyć
0	pozazdroszczenia
0	zazdrośnie
0	zazdrosny
0	z zazdrością
0	zazdrość
0	zazdrość
0	sprawiedliwy
0	ergonomiczny
0	bezbłędne
0	erudyta
0	etyczne
0	eulogize
0	euforia
0	euforyczny
0	euforycznie
0	ocena
0	równomiernie
0	pełen wydarzeń
0	wieczny
0	sugestywny
0	wywyższać
0	wyniesienie
0	wywyższony
0	z wyniesieniem
0	wywyższenie
0	wzniosliwie
0	przykład
0	przykład
0	doskonały
0	przekroczyć
0	przekroczone
0	przekroczenie
0	wyjątkowo
0	przekracza
0	Excel
0	Wyróżnione
0	doskonała
0	doskonały
0	celował
0	doskonałość
0	ekscelencja
0	doskonały
0	świetnie
0	celuje
0	wyjątkowy
0	wyjątkowo
0	podniecenie
0	podekscytowany
0	podekscytowany
0	podekscytowanie
0	podniecenie
0	podnieca
0	ekscytujące
0	ekscytująco
0	doskonały
0	przykład
0	przykładny
0	ekscytujący
0	ekscytujące
0	ekscytująco
0	radość
0	oczyścić
0	ekspansywny
0	sprawnie
0	fachowo
0	znakomity
0	znakomicie
0	extol
0	extoll
0	wyjątkowo
0	nadzwyczajny
0	wylewność
0	bujny
0	bujnie
0	ekscytuj
0	exultant
0	podniecenie
0	z radością
0	przyciąganie oczu
0	przyciągające wzrok
0	eyecatch
0	eyecatching
0	wspaniałe
0	bajecznie
0	ułatwić
0	uczciwe
0	dość
0	uczciwość
0	wiara
0	wierny
0	wiernie
0	wierność
0	sława
0	znany
0	sławny
0	słynny
0	hodowca
0	fancinating
0	fantazyjny
0	fanfara
0	fanów
0	fantastyczne
0	fantastycznie
0	fascynować
0	fascynujący
0	fascynująco
0	fascynacja
0	modne
0	modnie
0	szybko
0	szybko rosnące
0	w szybkim tempie
0	szybciej
0	najszybciej
0	najszybciej rozwijający się
0	bezbłędnie
0	fav
0	Ulubiony
0	przysługę
0	korzystne
0	uprzywilejowane
0	ulubiony
0	ulubionych
0	przysługę
0	nieustraszony
0	nieustraszony
0	wykonalne
0	wykonalne
0	wyczyn
0	bogate w funkcje
0	fecilitous
0	zadziorny
0	felicitate
0	trafny
0	szczęście
0	żyzny
0	żarliwy
0	żarliwie
0	fervid
0	fervidly
0	zapał
0	uroczysty
0	wierność
0	ognisty
0	dobrze
0	dobrze wyglądający
0	drobno
0	dokładniej
0	najlepszy
0	jędrniejszy
0	pierwsza klasa
0	pierwsza w klasie
0	pierwszorzędne
0	krzykliwe
0	bardziej płaski
0	pochlebne
0	pochlebnie
0	bezbłędne
0	bezbłędnie
0	elastyczność
0	elastyczny
0	rozkwitać
0	rozkwit
0	płynny
0	trzepotanie
0	lubiący
0	czule
0	zamiłowanie
0	niezawodny
0	przede wszystkim
0	foresight
0	groźny
0	hart ducha
0	na szczęście
0	przypadkowo
0	szczęśliwe
0	na szczęście
0	fortuna
0	pachnący
0	za darmo
0	uwolniony
0	wolność
0	wolności
0	świeże
0	świeższe
0	najświeższe
0	życzliwość
0	przyjazny
0	igraszki
0	oszczędny
0	owocny
0	ftw
0	spełnienie
0	zabawa
0	futurestic
0	futurystyczny
0	wesołość
0	wesoło
0	zysk
0	zyskał
0	zysk
0	z zyskiem
0	zyskując
0	zyski
0	dzielny
0	dzielnie
0	bród
0	geekier
0	geeky
0	klejnot
0	klejnoty
0	wielkoduszność
0	szczodry
0	hojnie
0	genialny
0	geniusz
0	delikatny
0	gentlest
0	prawdziwy
0	utalentowany
0	zadowolony
0	cieszę się
0	chętnie
0	radość
0	efektowne
0	radość
0	radosny
0	radośnie
0	połysk
0	migotanie
0	błyszczeć
0	lśniący
0	blask
0	blichtru
0	gloryfikuj
0	chwalebny
0	chwalebnie
0	chwała
0	blask
0	świecące
0	żarliwie
0	dane przez Boga
0	Bóg wysyła
0	boski
0	Boże Narodzenie
0	złoto
0	złoty
0	dobrze
0	dobrze
0	dobroć
0	dobra wola
0	goood
0	gooood
0	wspaniały
0	wspaniale
0	łaska
0	pełen wdzięku
0	z wdziękiem
0	łaskawy
0	łaskawie
0	łaskawość
0	wielki
0	wielkość
0	wdzięczny
0	z wdzięcznością
0	gratyfikacja
0	zaspokojony
0	z zadowoleniem
0	zaspokoić
0	satysfakcjonujące
0	z zadowoleniem
0	wdzięczność
0	świetnie
0	największy
0	wielkość
0	uśmiech
0	przełomowy
0	gwarancja
0	wskazówki
0	bez winy
0	dziąsło
0	wytryskać
0	gusto
0	gutsy
0	grad
0	halcyon
0	Hale
0	cecha
0	znamiona
0	uświęcony
0	handier
0	poręcznie
0	ręką w dół
0	przystojny
0	ładnie
0	poręczny
0	szczęśliwsi
0	szczęśliwie
0	szczęście
0	szczęśliwy
0	ciężko pracujący
0	hardier
0	hardy
0	nieszkodliwe
0	harmonijny
0	harmonijnie
0	zharmonizować
0	harmonia
0	postęp
0	leczyć
0	zdrowe
0	zdrowy
0	dopingować
0	bicie serca
0	serdeczny
0	serdecznie
0	serce
0	niebo
0	niebiański
0	pomógł
0	pomocne
0	pomoc
0	bohater
0	heroiczny
0	heroicznie
0	bohaterka
0	heroize
0	heros
0	wysokiej jakości
0	pełen wigoru
0	przezabawny
0	święty
0	hołd
0	szczerze mówiąc
0	uczciwość
0	honor
0	zaszczytny
0	uhonorowany
0	uhonorowanie
0	Brawo
0	pełna nadziei
0	gościnny
0	gorący
0	ciastko
0	ciepłe bułeczki
0	najgorętsze
0	przytul
0	humanitarny
0	pokorny
0	pokora
0	humor
0	pełen humoru
0	z humorem
0	humor
0	pełen humoru
0	idealny
0	idealizować
0	najlepiej
0	idol
0	idolize
0	idolized
0	idylliczny
0	oświetlić
0	illuminati
0	świetlne
0	iluminować
0	znakomity
0	ilu
0	nieczytelny
0	pomysłowy
0	nieskazitelny
0	nieskazitelnie
0	niezmierzony
0	bezstronny
0	bezstronność
0	bezstronnie
0	pełen namiętności
0	nienaganne
0	nienagannie
0	ważne
0	zaimponować
0	pod wrażeniem
0	robi wrażenie
0	imponujące
0	imponująco
0	Imponująca
0	poprawić
0	ulepszone
0	poprawa
0	ulepszenia
0	poprawia się
0	poprawianie
0	niesamowite
0	niesamowicie
0	zadłużony
0	zindywidualizowany
0	odpust
0	pobłażliwy
0	pracowity
0	nieoceniony
0	nierozerwalnie
0	niedrogie
0	nieomylność
0	nieomylny
0	nieomylnie
0	wpływowy
0	genialny
0	genialnie
0	pomysłowość
0	pomysłowy
0	zręcznie
0	niewinny
0	innowacja
0	innowacyjne
0	wciśnięty
0	wnikliwe
0	wnikliwie
0	inspiracja
0	inspirujący
0	inspirować
0	inspirujący
0	natychmiast
0	pouczające
0	instrumentalny
0	integralny
0	zintegrowane
0	inteligencja
0	inteligentny
0	zrozumiały
0	interesujące
0	zainteresowania
0	intymność
0	intymny
0	skomplikowane
0	intryga
0	intrygujące
0	intrygująco
0	intuicyjny
0	nieocenione
0	nieoceniony
0	pomysłowy
0	krzepcy
0	ożywczy
0	niezwyciężoność
0	niepokonany
0	nienaruszalny
0	nie naruszone
0	niewrażliwy
0	niezastąpiony
0	nienaganne
0	nieodparty
0	nieodparcie
0	bez problemów
0	oszałamiające
0	oszałamiające
0	jollify
0	wesoły
0	jowialny
0	radość
0	radosny
0	z radością
0	radosny
0	radośnie
0	radosny
0	radośnie
0	tryumfować
0	radość
0	wesoły
0	rozsądny
0	słusznie
0	chętni
0	ostro
0	gorliwość
0	przyjazne dla dzieci
0	życzliwość
0	życzliwie
0	życzliwość
0	kompetentny
0	kudos
0	duża pojemność
0	chwalić
0	chwalebny
0	pochwale
0	wystawny
0	hojnie
0	przestrzeganie prawa
0	zgodne z prawem
0	zgodnie z prawem
0	prowadzić
0	prowadząc
0	prowadzi
0	chude
0	led
0	legendarny
0	dźwignia
0	lekkość
0	wyzwolić
0	wyzwolenie
0	wolność
0	ratownik
0	beztroski
0	lżejszy
0	sympatyczny
0	lubić
0	lubiany
0	lubi
0	lubienie
0	lwie serca
0	żywy
0	logiczne
0	długotrwały
0	sympatyczny
0	lovably
0	miłość
0	kochany
0	piękno
0	piękny
0	kochanek
0	kocha
0	kochać
0	niski koszt
0	niska cena
0	niedrogie
0	niskiego ryzyka
0	taniej
0	wierny
0	lojalność
0	przejrzysty
0	błyszcząco
0	szczęście
0	więcej szczęścia
0	najszczęśliwszy
0	szczęście
0	szczęśliwy
0	dochodowy
0	świetlisty
0	bujny
0	połysk
0	lśniący
0	bujny
0	rozkoszować się
0	luksusowy
0	luksusowo
0	luksus
0	liryczny
0	magia
0	magiczny
0	wielkoduszny
0	wielkodusznie
0	świetność
0	wspaniały
0	wspaniale
0	majestatyczny
0	majestat
0	łatwy do opanowania
0	manewrowalny
0	cud
0	zdumiony
0	zdumiony
0	cudowny
0	cudowny
0	cudownie
0	cudowność
0	cuda
0	mistrz
0	mistrzowski
0	po mistrzowsku
0	arcydzieło
0	arcydzieła
0	mistrzowie
0	mistrzostwo
0	niezrównany
0	dojrzały
0	dojrzały
0	dojrzałość
0	znaczenie
0	niezapomniany
0	miłosierny
0	miłosiernie
0	miłosierdzie
0	zasługa
0	zasłużony
0	wesoło
0	wesołość
0	wesołość
0	wesołych
0	zahipnotyzować
0	zahipnotyzowany
0	mesmeryzuje
0	hipnotyzujący
0	hipnotyzująco
0	skrupulatny
0	skrupulatnie
0	potężnie
0	potężny
0	oszałamiający
0	cud
0	cuda
0	cudowne
0	cudownie
0	cudowności
0	nowoczesny
0	skromny
0	skromność
0	doniosły
0	monumentalny
0	monumentalnie
0	moralność
0	zmotywowany
0	wielofunkcyjny
0	żeglowny
0	czysty
0	neatest
0	porządnie
0	miło
0	ładnie
0	ładniej
0	najładniejszy
0	sprytnie
0	zwinny
0	szlachetny
0	szlachetnie
0	bezgłośny
0	brak przemocy
0	bez użycia przemocy
0	w szczególności
0	godne uwagi
0	odżywiają
0	odżywczy
0	pożywienie
0	nowość
0	pielęgnowanie
0	oaza
0	obsesja
0	obsesje
0	możliwe do uzyskania
0	otwarcie
0	otwartość
0	optymalny
0	optymizm
0	optymistyczny
0	wystawny
0	uporządkowany
0	oryginalność
0	prześcignąć
0	prześcignąć
0	przewyższyć
0	lepsze wyniki
0	przewyższające
0	przewyższa
0	outshine
0	outshone
0	przechytrzyć
0	znakomity
0	znakomicie
0	wyprzedzić
0	przechytrzyć
0	owacje
0	uradowany
0	wyprzedzanie
0	wyprzedzony
0	dogania
0	wyprzedzanie
0	wyprzedzony
0	uwertura
0	bezbolesny
0	bezbolesny
0	bezboleśnie
0	pałacowy
0	pamper
0	rozpieszczany
0	Pamperedly
0	rozpieszczanie
0	pampers
0	panoramiczny
0	raj
0	najważniejszy
0	ułaskawienie
0	pasja
0	namiętny
0	z pasją
0	cierpliwość
0	pacjent
0	cierpliwie
0	patriota
0	patriotyczny
0	pokój
0	zgodne
0	spokojny
0	pokojowo
0	siły pokojowe
0	brzoskwinia
0	niezrównany
0	pep
0	pepped
0	pepping
0	peppy
0	peps
0	doskonały
0	doskonałość
0	idealnie
0	dopuszczalne
0	wytrwałość
0	wytrwać
0	osobistości
0	spersonalizowany
0	fenomenalny
0	fenomenalnie
0	malowniczy
0	pobożność
0	Pinnacle
0	zabawny
0	żartobliwie
0	przyjemny
0	przyjemnie
0	zadowolony
0	podoba
0	miłe
0	miłe
0	przyjemne
0	przyjemnie
0	przyjemność
0	obfity
0	plusy
0	plusz
0	plusses
0	poetycki
0	poetycyzować
0	wzruszający
0	pauza
0	gotowy
0	polerowany
0	uprzejmy
0	grzeczność
0	popularny
0	przenośny
0	szykowny
0	pozytywny
0	pozytywnie
0	pozytywy
0	potężny
0	mocno
0	pochwała
0	godny pochwały
0	pochwała
0	wybitny
0	cenny
0	precyzyjne
0	dokładnie
0	wybitny
0	preferuj
0	lepiej
0	najlepiej
0	preferowany
0	preferes
0	preferowanie
0	woli
0	premier
0	prestiż
0	prestiżowy
0	ładnie
0	ładny
0	bezcenne
0	duma
0	pryncypialny
0	przywilej
0	uprzywilejowany
0	nagroda
0	proaktywne
0	bez problemów
0	rozwiązywanie problemów
0	cudowny
0	zadziwiająco
0	cudowne dziecko
0	produktywny
0	produktywnie
0	biegły
0	sprawnie
0	głęboki
0	głęboko
0	obfity
0	obfitość
0	postęp
0	postępowy
0	płodny
0	znaczenie
0	wybitny
0	obietnica
0	obiecane
0	obietnice
0	obiecujące
0	promotor
0	pytanie
0	niezwłocznie
0	właściwe
0	właściwie
0	sprzyjające
0	korzystnie
0	plusy
0	prosperować
0	dobrobyt
0	dostatni
0	prospros
0	chronić
0	ochrona
0	ochronny
0	dumny
0	udowodnione
0	udowadnia
0	opatrzność
0	udowodnienie
0	sprawność
0	roztropność
0	rozważny
0	rozważnie
0	punktualny
0	czysty
0	oczyść
0	celowe
0	ciekawy
0	kwalifikowany
0	zakwalifikuj się
0	szybciej
0	cicho
0	ciszej
0	blask
0	promienny
0	szybki
0	rapport
0	zachwycony
0	zachwyt
0	zachwycający
0	zachwycająco
0	zachwycający
0	wniebowzięty
0	racjonalne
0	ostre jak brzytwa
0	osiągalny
0	czytelny
0	łatwo
0	gotowy
0	potwierdzić
0	ponowne potwierdzenie
0	realistyczny
0	możliwe do zrealizowania
0	uzasadnione
0	rozsądnie
0	uzasadniony
0	reasekuracja
0	uspokoić
0	otwarty
0	odzyskać
0	polecam
0	polecam
0	zalecenie
0	zalecenia
0	zalecane
0	pogodzić się
0	pojednanie
0	ustawianie rekordów
0	odzyskać
0	odzyskiwanie
0	rektyfikacja
0	sprostować
0	prostownicze
0	odkupić
0	odkupienie
0	umorzenie
0	udoskonalić
0	rafinowany
0	udoskonalenie
0	reforma
0	zreformowany
0	reformowanie
0	reformy
0	odśwież
0	odświeżony
0	odświeżanie
0	zwrot
0	zwrócone
0	królewski
0	oficjalnie
0	odniesieniu
0	Ciesz się
0	radość
0	ciesząc się
0	odmłodzić
0	odmłodzony
0	odmładzające
0	zrelaksowany
0	ustępować
0	niezawodny
0	niezawodnie
0	ulga
0	smakować
0	niezwykły
0	zadziwiająco
0	lekarstwo
0	umorzenie
0	wynagradzać
0	renesans
0	odnowiony
0	sława
0	renomowany
0	wymienny
0	renomowany
0	reputacja
0	odporny
0	zdecydowany
0	zabrzmiało
0	głośny
0	zaradny
0	zaradność
0	szacunek
0	poważny
0	z pełnym szacunkiem
0	z szacunkiem
0	wytchnienie
0	olśniewający
0	odpowiedzialnie
0	responsywny
0	spokojny
0	przywrócony
0	restrukturyzacja
0	zrestrukturyzowany
0	restrukturyzacja
0	chowany
0	Rozkoszuj się
0	Objawienie
0	czcić
0	szacunek
0	pełen szacunku
0	z szacunkiem
0	rewitalizować
0	przebudzenie
0	ożywić
0	ożywa
0	rewolucyjny
0	zrewolucjonizować
0	zrewolucjonizował
0	rewolucjonizuje
0	nagroda
0	nagradzanie
0	z satysfakcją
0	bogaty
0	bogatsze
0	bogato
0	bogactwo
0	PRAWDA
0	righten
0	sprawiedliwy
0	słusznie
0	prawość
0	uprawniony
0	słusznie
0	słusznie
0	słuszność
0	bez ryzyka
0	solidny
0	gwiazda rocka
0	gwiazdy rocka
0	rockstar
0	gwiazdy rocka
0	romantyczny
0	romantycznie
0	romantyzować
0	przestronniejszy
0	pojemny
0	różowy
0	bezpieczny
0	bezpiecznie
0	sagacity
0	sagely
0	święty
0	świętość
0	święte
0	zbawienny
0	pozdrawiam
0	przy zdrowych zmysłach
0	zadowalająco
0	zadowalający
0	zadowolony
0	spełnia
0	zaspokoić
0	satysfakcjonujące
0	spełnione
0	wygaszacz
0	oszczędności
0	zbawiciel
0	sprytny
0	sceniczny
0	bez szwu
0	zaprawiony
0	bezpieczny
0	bezpiecznie
0	selektywny
0	samostanowienie
0	szacunek dla samego siebie
0	zadowolenie z siebie
0	samowystarczalność
0	samowystarczalny
0	sensacja
0	rewelacyjny
0	sensacyjnie
0	wrażenia
0	rozsądny
0	rozsądnie
0	wrażliwy
0	spokojny
0	spokój
0	sexy
0	ostry
0	ostrzejszy
0	najostrzejszy
0	mieniące się
0	mieniąco
0	połysk
0	lśniący
0	znaczące
0	cichy
0	prostsze
0	najprostszy
0	uproszczone
0	upraszcza
0	uprościć
0	upraszczanie
0	szczery
0	szczerze
0	szczerość
0	umiejętność
0	wykwalifikowany
0	zręczny
0	umiejętnie
0	slammin
0	gładki
0	gładki
0	sprytny
0	mądrzejszy
0	najmądrzejszy
0	mądrze
0	uśmiech
0	uśmiechy
0	uśmiechając się
0	z uśmiechem
0	uderzony
0	gładki
0	gładszy
0	wygładza
0	płynny
0	płynnie
0	zgryźliwy
0	snazzy
0	towarzyski
0	miękkie
0	bardziej miękki
0	pocieszenie
0	troskliwy
0	troskliwie
0	solidny
0	solidarność
0	uspokój się
0	kojąco
0	wyrafinowany
0	uduchowiony
0	dobrze
0	solidność
0	przestronny
0	blask
0	musujące
0	spektakularny
0	spektakularnie
0	szybko
0	szybki
0	spellbind
0	spellbinding
0	urzekająco
0	zaklęty
0	porywający
0	duchowy
0	wspaniały
0	wspaniale
0	przepych
0	spontaniczny
0	sportowy
0	bez skazy
0	żwawo
0	stabilność
0	ustabilizować
0	stabilny
0	nierdzewny
0	wyjątkowy
0	state-of-the-art
0	dostojny
0	posągowy
0	zagubiony
0	stanowczo
0	trzeźwość
0	niezłomny
0	niezłomnie
0	niezłomność
0	najbardziej stabilny
0	stabilność
0	stały
0	gwiazdowy
0	gwiezdnie
0	stymulować
0	stymuluje
0	stymulowanie
0	pobudzający
0	mieszając
0	wyprostuj
0	proste
0	usprawniony
0	uderzające
0	uderzająco
0	dążenie
0	silny
0	silniejszy
0	najsilniejszy
0	ogłuszony
0	oszałamiający
0	oszałamiająco
0	zdumiewający
0	zdumiewająco
0	mocniejszy
0	solidny
0	stylowy
0	stylowo
0	stylizowany
0	uprzejmy
0	zręcznie
0	podniosły
0	subsydiować
0	dotowane
0	dotacje
0	subsydiowanie
0	merytoryczne
0	odnieść sukces
0	udało się
0	powodzenie
0	powiedzie się
0	sukces
0	sukces
0	sukcesy
0	udany
0	z powodzeniem
0	wystarczy
0	wystarczy
0	wystarcza
0	wystarczający
0	wystarczająco
0	odpowiedni
0	wystawny
0	obficie
0	wystawność
0	super
0	znakomity
0	znakomicie
0	lepszy
0	wyższość
0	elastyczny
0	wsparcie
0	obsługiwane
0	zwolennik
0	wspieranie
0	wspierający
0	popiera
0	supremacja
0	najwyższy
0	wyjątkowo
0	supurb
0	wspaniale
0	Surmount
0	prześcignąć
0	surrealistyczny
0	przeżycie
0	który przeżył
0	trwałość
0	zrównoważony
0	swank
0	swankier
0	swankiest
0	łaciaty
0	zamiatanie
0	słodki
0	słodzić
0	kochanie
0	słodko
0	słodycz
0	szybki
0	szybkość
0	talent
0	utalentowany
0	talenty
0	zwodzić
0	kuszące
0	kusząco
0	kusić
0	kuszące
0	kusząco
0	nieustępliwy
0	wytrwale
0	wytrzymałość
0	przetargowy
0	czule
0	wspaniale
0	przerażająco
0	dziękuję
0	wdzięczny
0	cieńszy
0	przemyślany
0	w zamyśleniu
0	rozważność
0	oszczędzanie
0	oszczędny
0	dreszczyk emocji
0	podekscytowany
0	ekscytujące
0	ekscytująco
0	dreszczyk emocji
0	dobrze się rozwijać
0	prosperujące
0	thumb-up
0	kciuki w górę
0	łaskotać
0	uporządkowane
0	czasowy
0	w odpowiednim czasie
0	mrowienie
0	titillate
0	podniecenie
0	podniecająco
0	wspólnota
0	znośny
0	bezpłatny
0	do góry
0	na najwyższym poziomie
0	najwyższa jakość
0	topnotch
0	blaty
0	trudne
0	trudniejsze
0	najtrudniejszy
0	przyczepność
0	spokojny
0	spokój
0	przezroczysty
0	skarb
0	niezwykle
0	modny
0	triumf
0	triumfalny
0	triumfalny
0	triumfalnie
0	trywialnie
0	trofeum
0	bezproblemowe
0	trump
0	trąbka
0	zaufanie
0	zaufany
0	ufając
0	ufnie
0	wiarygodność
0	godny zaufania
0	wierny
0	zgodne z prawdą
0	zgodnie z prawdą
0	prawdomówność
0	Twinkly
0	ultra-ostry
0	niepohamowany
0	bezwstydnie
0	nienaruszone
0	nie do przejścia
0	nie do pobicia
0	bezstronny
0	niezwiązane
0	nieskomplikowany
0	bezwarunkowe
0	nieuszkodzony
0	niezrażony
0	zrozumiałe
0	bezsporne
0	bezdyskusyjnie
0	bezsporny
0	nieobciążony
0	jednoznaczny
0	jednoznacznie
0	niewzruszony
0	nieskrępowany
0	niezapomniany
0	jedność
0	nieograniczony
0	niedopasowane
0	niezrównany
0	niekwestionowalny
0	bezsprzecznie
0	nierealne
0	nieograniczony
0	bezkonkurencyjny
0	bezinteresowny
0	niezmienny
0	optymistyczny
0	możliwy do uaktualnienia
0	możliwe do uaktualnienia
0	zmodernizowany
0	podtrzymany
0	utrzymanie
0	wypór
0	podnoszący na duchu
0	podnoszący na duchu
0	podniesienie
0	upscale
0	użyteczny
0	użyteczny
0	przydatne
0	przyjazne dla użytkownika
0	wymienialne przez użytkownika
0	dzielny
0	mężnie
0	waleczność
0	wartościowe
0	odmiana
0	czcić
0	weryfikowalne
0	prawdziwe
0	wszechstronny
0	wszechstronność
0	żywe
0	żywiołowo
0	zwycięski
0	zwycięstwo
0	widoczne
0	czujność
0	czujny
0	cnota
0	cnotliwy
0	wirtualnie
0	wizjoner
0	żywy
0	żywe
0	vouch
0	vouchsafe
0	ciepły
0	cieplej
0	serdeczni
0	ciepło
0	ciepło
0	bogaty
0	witamy
0	dobrze
0	dobrze podświetlony
0	zrównoważony
0	grzeczny
0	dobre samopoczucie
0	dobrze wychowany
0	dobrze podłączony
0	dobrze wykształcony
0	ugruntowane
0	dobrze poinformowani
0	w dobrej wierze
0	dobrze znany
0	dobrze wykonane
0	dobrze zarządzany
0	dobrze wychowany
0	dobrze ustawione
0	dobrze przyjęty
0	dobrze przyjęty
0	dobrze zaokrąglone
0	dobrze zarządzany
0	życzliwi
0	dobre samopoczucie
0	whoa
0	z całego serca
0	zdrowe
0	whooa
0	whoooa
0	wieldy
0	chętny
0	chętnie
0	gotowość
0	wygrać
0	gratka
0	wygrany
0	zwycięzca
0	zwycięzcy
0	wygrywając
0	wygrywa
0	mądrość
0	mądry
0	mądrze
0	dowcipny
0	wygrał
0	cud
0	cudowne
0	cudownie
0	cudowny
0	cudownie
0	cuda
0	cudowny
0	woo
0	praca
0	wykonalne
0	pracował
0	działa
0	światowej sławy
0	warto
0	warto
0	godność
0	warto
0	godny
0	wow
0	zachwycony
0	wowing
0	wows
0	młodzieńczy
0	gorliwość
0	Zapał